Apache Maven 3.9.5 (57804ffe001d7215b5e7bcb531cf83df38f93546)
Maven home: /home/vscode/.m2/wrapper/dists/apache-maven-3.9.5-bin/32db9c34/apache-maven-3.9.5
Java version: 21.0.8, vendor: Microsoft, runtime: /usr/lib/jvm/msopenjdk-current
Default locale: en_US, platform encoding: UTF-8
OS name: "linux", version: "6.8.0-1030-azure", arch: "amd64", family: "unix"
[DEBUG] Created new class realm maven.api
[DEBUG] Importing foreign packages into class realm maven.api
[DEBUG]   Imported: javax.annotation.* < plexus.core
[DEBUG]   Imported: javax.annotation.security.* < plexus.core
[DEBUG]   Imported: javax.inject.* < plexus.core
[DEBUG]   Imported: org.apache.maven.* < plexus.core
[DEBUG]   Imported: org.apache.maven.artifact < plexus.core
[DEBUG]   Imported: org.apache.maven.classrealm < plexus.core
[DEBUG]   Imported: org.apache.maven.cli < plexus.core
[DEBUG]   Imported: org.apache.maven.configuration < plexus.core
[DEBUG]   Imported: org.apache.maven.exception < plexus.core
[DEBUG]   Imported: org.apache.maven.execution < plexus.core
[DEBUG]   Imported: org.apache.maven.execution.scope < plexus.core
[DEBUG]   Imported: org.apache.maven.graph < plexus.core
[DEBUG]   Imported: org.apache.maven.lifecycle < plexus.core
[DEBUG]   Imported: org.apache.maven.model < plexus.core
[DEBUG]   Imported: org.apache.maven.monitor < plexus.core
[DEBUG]   Imported: org.apache.maven.plugin < plexus.core
[DEBUG]   Imported: org.apache.maven.profiles < plexus.core
[DEBUG]   Imported: org.apache.maven.project < plexus.core
[DEBUG]   Imported: org.apache.maven.reporting < plexus.core
[DEBUG]   Imported: org.apache.maven.repository < plexus.core
[DEBUG]   Imported: org.apache.maven.rtinfo < plexus.core
[DEBUG]   Imported: org.apache.maven.settings < plexus.core
[DEBUG]   Imported: org.apache.maven.toolchain < plexus.core
[DEBUG]   Imported: org.apache.maven.usability < plexus.core
[DEBUG]   Imported: org.apache.maven.wagon.* < plexus.core
[DEBUG]   Imported: org.apache.maven.wagon.authentication < plexus.core
[DEBUG]   Imported: org.apache.maven.wagon.authorization < plexus.core
[DEBUG]   Imported: org.apache.maven.wagon.events < plexus.core
[DEBUG]   Imported: org.apache.maven.wagon.observers < plexus.core
[DEBUG]   Imported: org.apache.maven.wagon.proxy < plexus.core
[DEBUG]   Imported: org.apache.maven.wagon.repository < plexus.core
[DEBUG]   Imported: org.apache.maven.wagon.resource < plexus.core
[DEBUG]   Imported: org.codehaus.classworlds < plexus.core
[DEBUG]   Imported: org.codehaus.plexus.* < plexus.core
[DEBUG]   Imported: org.codehaus.plexus.classworlds < plexus.core
[DEBUG]   Imported: org.codehaus.plexus.component < plexus.core
[DEBUG]   Imported: org.codehaus.plexus.configuration < plexus.core
[DEBUG]   Imported: org.codehaus.plexus.container < plexus.core
[DEBUG]   Imported: org.codehaus.plexus.context < plexus.core
[DEBUG]   Imported: org.codehaus.plexus.lifecycle < plexus.core
[DEBUG]   Imported: org.codehaus.plexus.logging < plexus.core
[DEBUG]   Imported: org.codehaus.plexus.personality < plexus.core
[DEBUG]   Imported: org.codehaus.plexus.util.xml.Xpp3Dom < plexus.core
[DEBUG]   Imported: org.codehaus.plexus.util.xml.pull.XmlPullParser < plexus.core
[DEBUG]   Imported: org.codehaus.plexus.util.xml.pull.XmlPullParserException < plexus.core
[DEBUG]   Imported: org.codehaus.plexus.util.xml.pull.XmlSerializer < plexus.core
[DEBUG]   Imported: org.eclipse.aether.* < plexus.core
[DEBUG]   Imported: org.eclipse.aether.artifact < plexus.core
[DEBUG]   Imported: org.eclipse.aether.collection < plexus.core
[DEBUG]   Imported: org.eclipse.aether.deployment < plexus.core
[DEBUG]   Imported: org.eclipse.aether.graph < plexus.core
[DEBUG]   Imported: org.eclipse.aether.impl < plexus.core
[DEBUG]   Imported: org.eclipse.aether.installation < plexus.core
[DEBUG]   Imported: org.eclipse.aether.internal.impl < plexus.core
[DEBUG]   Imported: org.eclipse.aether.metadata < plexus.core
[DEBUG]   Imported: org.eclipse.aether.repository < plexus.core
[DEBUG]   Imported: org.eclipse.aether.resolution < plexus.core
[DEBUG]   Imported: org.eclipse.aether.spi < plexus.core
[DEBUG]   Imported: org.eclipse.aether.transfer < plexus.core
[DEBUG]   Imported: org.eclipse.aether.util < plexus.core
[DEBUG]   Imported: org.eclipse.aether.version < plexus.core
[DEBUG]   Imported: org.fusesource.jansi.* < plexus.core
[DEBUG]   Imported: org.slf4j.* < plexus.core
[DEBUG]   Imported: org.slf4j.event.* < plexus.core
[DEBUG]   Imported: org.slf4j.helpers.* < plexus.core
[DEBUG]   Imported: org.slf4j.spi.* < plexus.core
[DEBUG] Populating class realm maven.api
[DEBUG] Created adapter factory; available factories [file-lock, rwlock-local, semaphore-local, noop]; available name mappers [discriminating, file-gav, file-hgav, file-static, gav, static]
[INFO] Error stacktraces are turned on.
[DEBUG] Message scheme: color
[DEBUG] Message styles: debug info warning error success failure strong mojo project
[DEBUG] Reading global settings from /home/vscode/.m2/wrapper/dists/apache-maven-3.9.5-bin/32db9c34/apache-maven-3.9.5/conf/settings.xml
[DEBUG] Reading user settings from /home/vscode/.m2/settings.xml
[DEBUG] Reading global toolchains from /home/vscode/.m2/wrapper/dists/apache-maven-3.9.5-bin/32db9c34/apache-maven-3.9.5/conf/toolchains.xml
[DEBUG] Reading user toolchains from /home/vscode/.m2/toolchains.xml
[DEBUG] Using local repository at /home/vscode/.m2/repository
[DEBUG] Using manager EnhancedLocalRepositoryManager with priority 10.0 for /home/vscode/.m2/repository
[INFO] Scanning for projects...
[DEBUG] Creating adapter using nameMapper 'gav' and factory 'rwlock-local'
[DEBUG] Extension realms for project com.example:explorecali-jpa:jar:3.0.0: (none)
[DEBUG] Looking up lifecycle mappings for packaging jar from ClassRealm[plexus.core, parent: null]
[DEBUG] Extension realms for project org.springframework.boot:spring-boot-starter-parent:pom:3.2.5: (none)
[DEBUG] Looking up lifecycle mappings for packaging pom from ClassRealm[plexus.core, parent: null]
[DEBUG] Extension realms for project org.springframework.boot:spring-boot-dependencies:pom:3.2.5: (none)
[DEBUG] Looking up lifecycle mappings for packaging pom from ClassRealm[plexus.core, parent: null]
[DEBUG] Resolving plugin prefix spring-boot from [org.apache.maven.plugins, org.codehaus.mojo]
[DEBUG] Resolved plugin prefix spring-boot to org.springframework.boot:spring-boot-maven-plugin from POM com.example:explorecali-jpa:jar:3.0.0
[DEBUG] === REACTOR BUILD PLAN ================================================
[DEBUG] Project: com.example:explorecali-jpa:jar:3.0.0
[DEBUG] Tasks:   [spring-boot:run]
[DEBUG] Style:   Regular
[DEBUG] =======================================================================
[INFO] 
[INFO] --------------------< com.example:explorecali-jpa >---------------------
[INFO] Building explorecali-jpa 3.0.0
[INFO]   from pom.xml
[INFO] --------------------------------[ jar ]---------------------------------
[DEBUG] Resolving plugin prefix spring-boot from [org.apache.maven.plugins, org.codehaus.mojo]
[DEBUG] Resolved plugin prefix spring-boot to org.springframework.boot:spring-boot-maven-plugin from POM com.example:explorecali-jpa:jar:3.0.0
[DEBUG] Lifecycle clean -> [pre-clean, clean, post-clean]
[DEBUG] Lifecycle default -> [validate, initialize, generate-sources, process-sources, generate-resources, process-resources, compile, process-classes, generate-test-sources, process-test-sources, generate-test-resources, process-test-resources, test-compile, process-test-classes, test, prepare-package, package, pre-integration-test, integration-test, post-integration-test, verify, install, deploy]
[DEBUG] Lifecycle site -> [pre-site, site, post-site, site-deploy]
[DEBUG] Lifecycle clean -> [pre-clean, clean, post-clean]
[DEBUG] Lifecycle default -> [validate, initialize, generate-sources, process-sources, generate-resources, process-resources, compile, process-classes, generate-test-sources, process-test-sources, generate-test-resources, process-test-resources, test-compile, process-test-classes, test, prepare-package, package, pre-integration-test, integration-test, post-integration-test, verify, install, deploy]
[DEBUG] Lifecycle site -> [pre-site, site, post-site, site-deploy]
[DEBUG] === PROJECT BUILD PLAN ================================================
[DEBUG] Project:       com.example:explorecali-jpa:3.0.0
[DEBUG] Dependencies (collect): []
[DEBUG] Dependencies (resolve): [test]
[DEBUG] Repositories (dependencies): [central (https://repo.maven.apache.org/maven2, default, releases)]
[DEBUG] Repositories (plugins)     : [central (https://repo.maven.apache.org/maven2, default, releases)]
[DEBUG] --- init fork of com.example:explorecali-jpa:3.0.0 for org.springframework.boot:spring-boot-maven-plugin:3.2.5:run (default-cli) ---
[DEBUG] Dependencies (collect): []
[DEBUG] Dependencies (resolve): [compile, test]
[DEBUG] -----------------------------------------------------------------------
[DEBUG] Goal:          org.apache.maven.plugins:maven-resources-plugin:3.3.1:resources (default-resources)
[DEBUG] Style:         Regular
[DEBUG] Configuration: <?xml version="1.0" encoding="UTF-8"?>
<configuration>
  <addDefaultExcludes default-value="true"/>
  <buildFilters default-value="${project.build.filters}"/>
  <delimiters>
    <delimiter>@</delimiter>
  </delimiters>
  <encoding default-value="${project.build.sourceEncoding}"/>
  <escapeWindowsPaths default-value="true"/>
  <fileNameFiltering default-value="false"/>
  <includeEmptyDirs default-value="false"/>
  <outputDirectory default-value="${project.build.outputDirectory}"/>
  <overwrite default-value="false"/>
  <project default-value="${project}"/>
  <propertiesEncoding>UTF-8</propertiesEncoding>
  <resources default-value="${project.resources}"/>
  <session default-value="${session}"/>
  <skip default-value="false">${maven.resources.skip}</skip>
  <supportMultiLineFiltering default-value="false"/>
  <useBuildFilters default-value="true"/>
  <useDefaultDelimiters default-value="true">false</useDefaultDelimiters>
</configuration>
[DEBUG] -----------------------------------------------------------------------
[DEBUG] Goal:          org.apache.maven.plugins:maven-compiler-plugin:3.11.0:compile (default-compile)
[DEBUG] Style:         Regular
[DEBUG] Configuration: <?xml version="1.0" encoding="UTF-8"?>
<configuration>
  <basedir default-value="${basedir}"/>
  <buildDirectory default-value="${project.build.directory}"/>
  <compilePath default-value="${project.compileClasspathElements}"/>
  <compileSourceRoots default-value="${project.compileSourceRoots}"/>
  <compilerId default-value="javac">${maven.compiler.compilerId}</compilerId>
  <compilerReuseStrategy default-value="${reuseCreated}">${maven.compiler.compilerReuseStrategy}</compilerReuseStrategy>
  <compilerVersion>${maven.compiler.compilerVersion}</compilerVersion>
  <createMissingPackageInfoClass default-value="true">${maven.compiler.createMissingPackageInfoClass}</createMissingPackageInfoClass>
  <debug default-value="true">${maven.compiler.debug}</debug>
  <debugFileName default-value="javac"/>
  <debuglevel>${maven.compiler.debuglevel}</debuglevel>
  <enablePreview default-value="false">${maven.compiler.enablePreview}</enablePreview>
  <encoding default-value="${project.build.sourceEncoding}">${encoding}</encoding>
  <executable>${maven.compiler.executable}</executable>
  <failOnError default-value="true">${maven.compiler.failOnError}</failOnError>
  <failOnWarning default-value="false">${maven.compiler.failOnWarning}</failOnWarning>
  <forceJavacCompilerUse default-value="false">${maven.compiler.forceJavacCompilerUse}</forceJavacCompilerUse>
  <fork default-value="false">${maven.compiler.fork}</fork>
  <generatedSourcesDirectory default-value="${project.build.directory}/generated-sources/annotations"/>
  <implicit>${maven.compiler.implicit}</implicit>
  <maxmem>${maven.compiler.maxmem}</maxmem>
  <meminitial>${maven.compiler.meminitial}</meminitial>
  <mojoExecution default-value="${mojoExecution}"/>
  <optimize default-value="false">${maven.compiler.optimize}</optimize>
  <outputDirectory default-value="${project.build.outputDirectory}"/>
  <parameters default-value="false">true</parameters>
  <project default-value="${project}"/>
  <projectArtifact default-value="${project.artifact}"/>
  <release>${maven.compiler.release}</release>
  <session default-value="${session}"/>
  <showCompilationChanges default-value="false">${maven.compiler.showCompilationChanges}</showCompilationChanges>
  <showDeprecation default-value="false">${maven.compiler.showDeprecation}</showDeprecation>
  <showWarnings default-value="true">${maven.compiler.showWarnings}</showWarnings>
  <skipMain>${maven.main.skip}</skipMain>
  <skipMultiThreadWarning default-value="false">${maven.compiler.skipMultiThreadWarning}</skipMultiThreadWarning>
  <source default-value="1.8">${maven.compiler.source}</source>
  <staleMillis default-value="0">${lastModGranularityMs}</staleMillis>
  <target default-value="1.8">${maven.compiler.target}</target>
  <useIncrementalCompilation default-value="true">${maven.compiler.useIncrementalCompilation}</useIncrementalCompilation>
  <verbose default-value="false">${maven.compiler.verbose}</verbose>
</configuration>
[DEBUG] -----------------------------------------------------------------------
[DEBUG] Goal:          org.apache.maven.plugins:maven-resources-plugin:3.3.1:testResources (default-testResources)
[DEBUG] Style:         Regular
[DEBUG] Configuration: <?xml version="1.0" encoding="UTF-8"?>
<configuration>
  <addDefaultExcludes default-value="true"/>
  <buildFilters default-value="${project.build.filters}"/>
  <delimiters>
    <delimiter>@</delimiter>
  </delimiters>
  <encoding default-value="${project.build.sourceEncoding}"/>
  <escapeWindowsPaths default-value="true"/>
  <fileNameFiltering default-value="false"/>
  <includeEmptyDirs default-value="false"/>
  <outputDirectory default-value="${project.build.testOutputDirectory}"/>
  <overwrite default-value="false"/>
  <project default-value="${project}"/>
  <propertiesEncoding>UTF-8</propertiesEncoding>
  <resources default-value="${project.testResources}"/>
  <session default-value="${session}"/>
  <skip default-value="false">${maven.test.skip}</skip>
  <supportMultiLineFiltering default-value="false"/>
  <useBuildFilters default-value="true"/>
  <useDefaultDelimiters default-value="true">false</useDefaultDelimiters>
</configuration>
[DEBUG] -----------------------------------------------------------------------
[DEBUG] Goal:          org.apache.maven.plugins:maven-compiler-plugin:3.11.0:testCompile (default-testCompile)
[DEBUG] Style:         Regular
[DEBUG] Configuration: <?xml version="1.0" encoding="UTF-8"?>
<configuration>
  <basedir default-value="${basedir}"/>
  <buildDirectory default-value="${project.build.directory}"/>
  <compileSourceRoots default-value="${project.testCompileSourceRoots}"/>
  <compilerId default-value="javac">${maven.compiler.compilerId}</compilerId>
  <compilerReuseStrategy default-value="${reuseCreated}">${maven.compiler.compilerReuseStrategy}</compilerReuseStrategy>
  <compilerVersion>${maven.compiler.compilerVersion}</compilerVersion>
  <createMissingPackageInfoClass default-value="true">${maven.compiler.createMissingPackageInfoClass}</createMissingPackageInfoClass>
  <debug default-value="true">${maven.compiler.debug}</debug>
  <debugFileName default-value="javac-test"/>
  <debuglevel>${maven.compiler.debuglevel}</debuglevel>
  <enablePreview default-value="false">${maven.compiler.enablePreview}</enablePreview>
  <encoding default-value="${project.build.sourceEncoding}">${encoding}</encoding>
  <executable>${maven.compiler.executable}</executable>
  <failOnError default-value="true">${maven.compiler.failOnError}</failOnError>
  <failOnWarning default-value="false">${maven.compiler.failOnWarning}</failOnWarning>
  <forceJavacCompilerUse default-value="false">${maven.compiler.forceJavacCompilerUse}</forceJavacCompilerUse>
  <fork default-value="false">${maven.compiler.fork}</fork>
  <generatedTestSourcesDirectory default-value="${project.build.directory}/generated-test-sources/test-annotations"/>
  <implicit>${maven.compiler.implicit}</implicit>
  <maxmem>${maven.compiler.maxmem}</maxmem>
  <meminitial>${maven.compiler.meminitial}</meminitial>
  <mojoExecution default-value="${mojoExecution}"/>
  <optimize default-value="false">${maven.compiler.optimize}</optimize>
  <outputDirectory default-value="${project.build.testOutputDirectory}"/>
  <parameters default-value="false">true</parameters>
  <project default-value="${project}"/>
  <release>${maven.compiler.release}</release>
  <session default-value="${session}"/>
  <showCompilationChanges default-value="false">${maven.compiler.showCompilationChanges}</showCompilationChanges>
  <showDeprecation default-value="false">${maven.compiler.showDeprecation}</showDeprecation>
  <showWarnings default-value="true">${maven.compiler.showWarnings}</showWarnings>
  <skip>${maven.test.skip}</skip>
  <skipMultiThreadWarning default-value="false">${maven.compiler.skipMultiThreadWarning}</skipMultiThreadWarning>
  <source default-value="1.8">${maven.compiler.source}</source>
  <staleMillis default-value="0">${lastModGranularityMs}</staleMillis>
  <target default-value="1.8">${maven.compiler.target}</target>
  <testPath default-value="${project.testClasspathElements}"/>
  <testRelease>${maven.compiler.testRelease}</testRelease>
  <testSource>${maven.compiler.testSource}</testSource>
  <testTarget>${maven.compiler.testTarget}</testTarget>
  <useIncrementalCompilation default-value="true">${maven.compiler.useIncrementalCompilation}</useIncrementalCompilation>
  <useModulePath default-value="true"/>
  <verbose default-value="false">${maven.compiler.verbose}</verbose>
</configuration>
[DEBUG] --- exit fork of com.example:explorecali-jpa:3.0.0 for org.springframework.boot:spring-boot-maven-plugin:3.2.5:run (default-cli) ---
[DEBUG] -----------------------------------------------------------------------
[DEBUG] Goal:          org.springframework.boot:spring-boot-maven-plugin:3.2.5:run (default-cli)
[DEBUG] Style:         Regular
[DEBUG] Configuration: <?xml version="1.0" encoding="UTF-8"?>
<configuration>
  <addResources default-value="false">${spring-boot.run.addResources}</addResources>
  <additionalClasspathElements>${spring-boot.run.additional-classpath-elements}</additionalClasspathElements>
  <agents>${spring-boot.run.agents}</agents>
  <classesDirectory default-value="${project.build.outputDirectory}"/>
  <commandlineArguments>${spring-boot.run.arguments}</commandlineArguments>
  <directories>${spring-boot.run.directories}</directories>
  <excludeGroupIds default-value="">${spring-boot.excludeGroupIds}</excludeGroupIds>
  <excludes>
    <exclude>
      <groupId>org.projectlombok</groupId>
      <artifactId>lombok</artifactId>
    </exclude>${spring-boot.excludes}</excludes>
  <includes>${spring-boot.includes}</includes>
  <jvmArguments>${spring-boot.run.jvmArguments}</jvmArguments>
  <mainClass>com.example.explorecalijpa.ExplorecaliJpaApplication</mainClass>
  <noverify>${spring-boot.run.noverify}</noverify>
  <optimizedLaunch default-value="true">${spring-boot.run.optimizedLaunch}</optimizedLaunch>
  <profiles>${spring-boot.run.profiles}</profiles>
  <project default-value="${project}"/>
  <session default-value="${session}"/>
  <skip default-value="false">${spring-boot.run.skip}</skip>
  <useTestClasspath default-value="false">${spring-boot.run.useTestClasspath}</useTestClasspath>
  <workingDirectory>${spring-boot.run.workingDirectory}</workingDirectory>
</configuration>
[DEBUG] =======================================================================
[INFO] 
[INFO] >>> spring-boot:3.2.5:run (default-cli) > test-compile @ explorecali-jpa >>>
[DEBUG] Using mirror maven-default-http-blocker (http://0.0.0.0/) for vaadin-snapshots (http://oss.sonatype.org/content/repositories/vaadin-snapshots/).
[DEBUG] Using mirror maven-default-http-blocker (http://0.0.0.0/) for vaadin-releases (http://oss.sonatype.org/content/repositories/vaadin-releases/).
[DEBUG] Dependency collection stats {ConflictMarker.analyzeTime=1613562, ConflictMarker.markTime=1573599, ConflictMarker.nodeCount=337, ConflictIdSorter.graphTime=889731, ConflictIdSorter.topsortTime=2111582, ConflictIdSorter.conflictIdCount=135, ConflictIdSorter.conflictIdCycleCount=0, ConflictResolver.totalTime=26912906, ConflictResolver.conflictItemCount=300, DfDependencyCollector.collectTime=716350054, DfDependencyCollector.transformTime=34943810}
[DEBUG] com.example:explorecali-jpa:jar:3.0.0
[DEBUG]    org.springframework.boot:spring-boot-starter-data-jpa:jar:3.2.5:compile
[DEBUG]       org.springframework.boot:spring-boot-starter-aop:jar:3.2.5:compile (version managed from 3.2.5)
[DEBUG]          org.aspectj:aspectjweaver:jar:1.9.22:compile (version managed from 1.9.22)
[DEBUG]       org.springframework.boot:spring-boot-starter-jdbc:jar:3.2.5:compile (version managed from 3.2.5)
[DEBUG]          com.zaxxer:HikariCP:jar:5.0.1:compile (version managed from 5.0.1)
[DEBUG]          org.springframework:spring-jdbc:jar:6.1.6:compile (version managed from 6.1.6)
[DEBUG]       org.hibernate.orm:hibernate-core:jar:6.4.4.Final:compile (version managed from 6.4.4.Final)
[DEBUG]          jakarta.persistence:jakarta.persistence-api:jar:3.1.0:compile (version managed from 3.1.0)
[DEBUG]          jakarta.transaction:jakarta.transaction-api:jar:2.0.1:compile (version managed from 2.0.1)
[DEBUG]          org.jboss.logging:jboss-logging:jar:3.5.3.Final:compile (version managed from 3.5.0.Final)
[DEBUG]          org.hibernate.common:hibernate-commons-annotations:jar:6.0.6.Final:runtime
[DEBUG]          io.smallrye:jandex:jar:3.1.2:runtime
[DEBUG]          com.fasterxml:classmate:jar:1.6.0:compile (version managed from 1.5.1)
[DEBUG]          net.bytebuddy:byte-buddy:jar:1.14.13:runtime (version managed from 1.14.11)
[DEBUG]          org.glassfish.jaxb:jaxb-runtime:jar:4.0.5:runtime (version managed from 4.0.2)
[DEBUG]             org.glassfish.jaxb:jaxb-core:jar:4.0.5:runtime (version managed from 4.0.5)
[DEBUG]                org.eclipse.angus:angus-activation:jar:2.0.2:runtime (version managed from 2.0.2)
[DEBUG]                org.glassfish.jaxb:txw2:jar:4.0.5:runtime (version managed from 4.0.5)
[DEBUG]                com.sun.istack:istack-commons-runtime:jar:4.1.2:runtime (version managed from 4.1.2)
[DEBUG]          jakarta.inject:jakarta.inject-api:jar:2.0.1:runtime
[DEBUG]          org.antlr:antlr4-runtime:jar:4.13.0:compile
[DEBUG]       org.springframework.data:spring-data-jpa:jar:3.2.5:compile (version managed from 3.2.5)
[DEBUG]          org.springframework.data:spring-data-commons:jar:3.2.5:compile (version managed from 3.2.5)
[DEBUG]          org.springframework:spring-orm:jar:6.1.6:compile (version managed from 6.1.6)
[DEBUG]          org.springframework:spring-context:jar:6.1.6:compile (version managed from 6.1.6)
[DEBUG]          org.springframework:spring-tx:jar:6.1.6:compile (version managed from 6.1.6)
[DEBUG]          org.springframework:spring-beans:jar:6.1.6:compile (version managed from 6.1.6)
[DEBUG]          jakarta.annotation:jakarta.annotation-api:jar:2.1.1:compile (version managed from 2.0.0)
[DEBUG]       org.springframework:spring-aspects:jar:6.1.6:compile (version managed from 6.1.6)
[DEBUG]    org.springframework.boot:spring-boot-starter-data-rest:jar:3.2.5:compile
[DEBUG]       org.springframework.data:spring-data-rest-webmvc:jar:4.2.5:compile (version managed from 4.2.5)
[DEBUG]          org.springframework.data:spring-data-rest-core:jar:4.2.5:compile (version managed from 4.2.5)
[DEBUG]             org.springframework.hateoas:spring-hateoas:jar:2.2.2:compile (version managed from 2.2.2)
[DEBUG]             org.springframework.plugin:spring-plugin-core:jar:3.0.0:compile
[DEBUG]             org.atteo:evo-inflector:jar:1.3:compile
[DEBUG]          com.fasterxml.jackson.core:jackson-annotations:jar:2.15.4:compile (version managed from 2.15.4)
[DEBUG]    org.springframework.boot:spring-boot-starter-web:jar:3.2.5:compile
[DEBUG]       org.springframework.boot:spring-boot-starter:jar:3.2.5:compile (version managed from 3.2.5)
[DEBUG]          org.springframework.boot:spring-boot-autoconfigure:jar:3.2.5:compile (version managed from 3.2.5)
[DEBUG]          org.springframework.boot:spring-boot-starter-logging:jar:3.2.5:compile (version managed from 3.2.5)
[DEBUG]             ch.qos.logback:logback-classic:jar:1.4.14:compile (version managed from 1.4.14)
[DEBUG]                ch.qos.logback:logback-core:jar:1.4.14:compile (version managed from 1.4.14)
[DEBUG]             org.apache.logging.log4j:log4j-to-slf4j:jar:2.21.1:compile (version managed from 2.21.1)
[DEBUG]                org.apache.logging.log4j:log4j-api:jar:2.21.1:compile (version managed from 2.21.1)
[DEBUG]             org.slf4j:jul-to-slf4j:jar:2.0.13:compile (version managed from 2.0.13)
[DEBUG]          org.yaml:snakeyaml:jar:2.2:compile (version managed from 2.2)
[DEBUG]       org.springframework.boot:spring-boot-starter-json:jar:3.2.5:compile (version managed from 3.2.5)
[DEBUG]          com.fasterxml.jackson.datatype:jackson-datatype-jdk8:jar:2.15.4:compile (version managed from 2.15.4)
[DEBUG]          com.fasterxml.jackson.datatype:jackson-datatype-jsr310:jar:2.15.4:compile (version managed from 2.15.4)
[DEBUG]       org.springframework.boot:spring-boot-starter-tomcat:jar:3.2.5:compile (version managed from 3.2.5)
[DEBUG]          org.apache.tomcat.embed:tomcat-embed-core:jar:10.1.20:compile (version managed from 10.1.20)
[DEBUG]          org.apache.tomcat.embed:tomcat-embed-websocket:jar:10.1.20:compile (version managed from 10.1.20)
[DEBUG]       org.springframework:spring-web:jar:6.1.6:compile (version managed from 6.1.6)
[DEBUG]       org.springframework:spring-webmvc:jar:6.1.6:compile (version managed from 6.1.6)
[DEBUG]          org.springframework:spring-expression:jar:6.1.6:compile (version managed from 6.1.6)
[DEBUG]    org.springframework.boot:spring-boot-starter-security:jar:3.2.5:compile
[DEBUG]       org.springframework:spring-aop:jar:6.1.6:compile (version managed from 6.1.6)
[DEBUG]       org.springframework.security:spring-security-config:jar:6.2.4:compile (version managed from 6.2.4)
[DEBUG]       org.springframework.security:spring-security-web:jar:6.2.4:compile (version managed from 6.2.4)
[DEBUG]    org.springframework.boot:spring-boot-starter-validation:jar:3.2.5:compile
[DEBUG]       org.apache.tomcat.embed:tomcat-embed-el:jar:10.1.20:compile (version managed from 10.1.20)
[DEBUG]       org.hibernate.validator:hibernate-validator:jar:8.0.1.Final:compile (version managed from 8.0.1.Final)
[DEBUG]          jakarta.validation:jakarta.validation-api:jar:3.0.2:compile (version managed from 3.0.2)
[DEBUG]    org.springframework.boot:spring-boot-starter-actuator:jar:3.2.5:compile
[DEBUG]       org.springframework.boot:spring-boot-actuator-autoconfigure:jar:3.2.5:compile (version managed from 3.2.5)
[DEBUG]          org.springframework.boot:spring-boot-actuator:jar:3.2.5:compile (version managed from 3.2.5)
[DEBUG]       io.micrometer:micrometer-observation:jar:1.12.5:compile (version managed from 1.12.5)
[DEBUG]          io.micrometer:micrometer-commons:jar:1.12.5:compile (version managed from 1.12.5)
[DEBUG]       io.micrometer:micrometer-jakarta9:jar:1.12.5:compile (version managed from 1.12.5)
[DEBUG]          io.micrometer:micrometer-core:jar:1.12.5:compile (version managed from 1.12.5)
[DEBUG]             org.hdrhistogram:HdrHistogram:jar:2.1.12:runtime
[DEBUG]             org.latencyutils:LatencyUtils:jar:2.0.3:runtime
[DEBUG]    org.springframework.boot:spring-boot-starter-cache:jar:3.2.5:compile
[DEBUG]       org.springframework:spring-context-support:jar:6.1.6:compile (version managed from 6.1.6)
[DEBUG]    com.github.ben-manes.caffeine:caffeine:jar:3.1.8:compile
[DEBUG]       org.checkerframework:checker-qual:jar:3.37.0:compile
[DEBUG]       com.google.errorprone:error_prone_annotations:jar:2.21.1:compile
[DEBUG]    com.h2database:h2:jar:2.2.224:runtime
[DEBUG]    com.mysql:mysql-connector-j:jar:8.3.0:runtime (exclusions managed from [com.google.protobuf:protobuf-java:*:*])
[DEBUG]    org.flywaydb:flyway-core:jar:9.22.3:compile
[DEBUG]       com.fasterxml.jackson.dataformat:jackson-dataformat-toml:jar:2.15.4:compile (version managed from 2.15.2)
[DEBUG]          com.fasterxml.jackson.core:jackson-core:jar:2.15.4:compile (version managed from 2.15.4)
[DEBUG]       com.google.code.gson:gson:jar:2.10.1:compile (version managed from 2.10.1)
[DEBUG]    org.flywaydb:flyway-mysql:jar:9.22.3:compile
[DEBUG]    org.springframework.boot:spring-boot-docker-compose:jar:3.2.5:runtime (optional)
[DEBUG]       org.springframework.boot:spring-boot:jar:3.2.5:compile (version managed from 3.2.5)
[DEBUG]       com.fasterxml.jackson.core:jackson-databind:jar:2.15.4:compile (version managed from 2.15.4)
[DEBUG]       com.fasterxml.jackson.module:jackson-module-parameter-names:jar:2.15.4:compile (version managed from 2.15.4)
[DEBUG]    org.springdoc:springdoc-openapi-starter-webmvc-ui:jar:2.5.0:compile
[DEBUG]       org.springdoc:springdoc-openapi-starter-webmvc-api:jar:2.5.0:compile
[DEBUG]          org.springdoc:springdoc-openapi-starter-common:jar:2.5.0:compile
[DEBUG]             io.swagger.core.v3:swagger-core-jakarta:jar:2.2.21:compile
[DEBUG]                org.apache.commons:commons-lang3:jar:3.13.0:compile (version managed from 3.14.0)
[DEBUG]                io.swagger.core.v3:swagger-annotations-jakarta:jar:2.2.21:compile
[DEBUG]                io.swagger.core.v3:swagger-models-jakarta:jar:2.2.21:compile
[DEBUG]                com.fasterxml.jackson.dataformat:jackson-dataformat-yaml:jar:2.15.4:compile (version managed from 2.16.2)
[DEBUG]       org.webjars:swagger-ui:jar:5.13.0:compile
[DEBUG]    org.projectlombok:lombok:jar:1.18.32:compile (optional)
[DEBUG]    org.springframework.boot:spring-boot-starter-test:jar:3.2.5:test
[DEBUG]       org.springframework.boot:spring-boot-test:jar:3.2.5:test (version managed from 3.2.5)
[DEBUG]       org.springframework.boot:spring-boot-test-autoconfigure:jar:3.2.5:test (version managed from 3.2.5)
[DEBUG]       com.jayway.jsonpath:json-path:jar:2.9.0:compile (version managed from 2.9.0)
[DEBUG]       jakarta.xml.bind:jakarta.xml.bind-api:jar:4.0.2:compile (version managed from 4.0.2)
[DEBUG]          jakarta.activation:jakarta.activation-api:jar:2.1.3:compile (version managed from 2.1.3)
[DEBUG]       net.minidev:json-smart:jar:2.5.1:runtime (version managed from 2.5.1)
[DEBUG]          net.minidev:accessors-smart:jar:2.5.1:runtime
[DEBUG]             org.ow2.asm:asm:jar:9.6:runtime
[DEBUG]       org.assertj:assertj-core:jar:3.24.2:test (version managed from 3.24.2)
[DEBUG]       org.awaitility:awaitility:jar:4.2.1:test (version managed from 4.2.1)
[DEBUG]       org.hamcrest:hamcrest:jar:2.2:test (version managed from 2.2)
[DEBUG]       org.junit.jupiter:junit-jupiter:jar:5.10.2:test (version managed from 5.10.2)
[DEBUG]          org.junit.jupiter:junit-jupiter-api:jar:5.10.2:test (version managed from 5.10.2)
[DEBUG]             org.opentest4j:opentest4j:jar:1.3.0:test
[DEBUG]             org.junit.platform:junit-platform-commons:jar:1.10.2:test (version managed from 1.10.2)
[DEBUG]             org.apiguardian:apiguardian-api:jar:1.1.2:test
[DEBUG]          org.junit.jupiter:junit-jupiter-params:jar:5.10.2:test (version managed from 5.10.2)
[DEBUG]          org.junit.jupiter:junit-jupiter-engine:jar:5.10.2:test (version managed from 5.10.2)
[DEBUG]             org.junit.platform:junit-platform-engine:jar:1.10.2:test (version managed from 1.10.2)
[DEBUG]       org.mockito:mockito-core:jar:5.7.0:test (version managed from 5.7.0)
[DEBUG]          net.bytebuddy:byte-buddy-agent:jar:1.14.13:test (version managed from 1.14.9)
[DEBUG]          org.objenesis:objenesis:jar:3.3:test
[DEBUG]       org.mockito:mockito-junit-jupiter:jar:5.7.0:test (version managed from 5.7.0)
[DEBUG]       org.skyscreamer:jsonassert:jar:1.5.1:test (version managed from 1.5.1)
[DEBUG]          com.vaadin.external.google:android-json:jar:0.0.20131108.vaadin1:test
[DEBUG]       org.springframework:spring-core:jar:6.1.6:compile (version managed from 6.1.6)
[DEBUG]          org.springframework:spring-jcl:jar:6.1.6:compile (version managed from 6.1.6)
[DEBUG]       org.springframework:spring-test:jar:6.1.6:test (version managed from 6.1.6)
[DEBUG]       org.xmlunit:xmlunit-core:jar:2.9.1:test (version managed from 2.9.1)
[DEBUG]    org.springframework.security:spring-security-test:jar:6.2.4:test
[DEBUG]       org.springframework.security:spring-security-core:jar:6.2.4:compile (version managed from 6.2.4)
[DEBUG]          org.springframework.security:spring-security-crypto:jar:6.2.4:compile (version managed from 6.2.4)
[DEBUG]    org.apache.httpcomponents.client5:httpclient5:jar:5.2.1:test
[DEBUG]       org.apache.httpcomponents.core5:httpcore5:jar:5.2.4:test (version managed from 5.2)
[DEBUG]       org.apache.httpcomponents.core5:httpcore5-h2:jar:5.2.4:test (version managed from 5.2)
[DEBUG]       org.slf4j:slf4j-api:jar:2.0.13:compile (version managed from 1.7.36)
[INFO] 
[INFO] --- resources:3.3.1:resources (default-resources) @ explorecali-jpa ---
[DEBUG] Dependency collection stats {ConflictMarker.analyzeTime=88696, ConflictMarker.markTime=76472, ConflictMarker.nodeCount=13, ConflictIdSorter.graphTime=96950, ConflictIdSorter.topsortTime=16110, ConflictIdSorter.conflictIdCount=9, ConflictIdSorter.conflictIdCycleCount=0, ConflictResolver.totalTime=222375, ConflictResolver.conflictItemCount=13, DfDependencyCollector.collectTime=52207891, DfDependencyCollector.transformTime=521113}
[DEBUG] org.apache.maven.plugins:maven-resources-plugin:jar:3.3.1
[DEBUG]    org.codehaus.plexus:plexus-interpolation:jar:1.26:runtime
[DEBUG]    org.codehaus.plexus:plexus-utils:jar:3.5.1:compile
[DEBUG]    org.apache.maven.shared:maven-filtering:jar:3.3.1:compile
[DEBUG]       javax.inject:javax.inject:jar:1:compile
[DEBUG]       org.slf4j:slf4j-api:jar:1.7.36:compile
[DEBUG]       org.sonatype.plexus:plexus-build-api:jar:0.0.7:compile
[DEBUG]    commons-io:commons-io:jar:2.11.0:compile
[DEBUG]    org.apache.commons:commons-lang3:jar:3.12.0:compile
[DEBUG] Created new class realm plugin>org.apache.maven.plugins:maven-resources-plugin:3.3.1
[DEBUG] Importing foreign packages into class realm plugin>org.apache.maven.plugins:maven-resources-plugin:3.3.1
[DEBUG]   Imported:  < maven.api
[DEBUG] Populating class realm plugin>org.apache.maven.plugins:maven-resources-plugin:3.3.1
[DEBUG]   Included: org.apache.maven.plugins:maven-resources-plugin:jar:3.3.1
[DEBUG]   Included: org.codehaus.plexus:plexus-interpolation:jar:1.26
[DEBUG]   Included: org.codehaus.plexus:plexus-utils:jar:3.5.1
[DEBUG]   Included: org.apache.maven.shared:maven-filtering:jar:3.3.1
[DEBUG]   Included: org.sonatype.plexus:plexus-build-api:jar:0.0.7
[DEBUG]   Included: commons-io:commons-io:jar:2.11.0
[DEBUG]   Included: org.apache.commons:commons-lang3:jar:3.12.0
[DEBUG] Loading mojo org.apache.maven.plugins:maven-resources-plugin:3.3.1:resources from plugin realm ClassRealm[plugin>org.apache.maven.plugins:maven-resources-plugin:3.3.1, parent: java.net.URLClassLoader@76fb509a]
[DEBUG] Configuring mojo execution 'org.apache.maven.plugins:maven-resources-plugin:3.3.1:resources:default-resources' with basic configurator -->
[DEBUG]   (f) addDefaultExcludes = true
[DEBUG]   (f) buildFilters = []
[DEBUG]   (s) delimiters = [@]
[DEBUG]   (f) encoding = UTF-8
[DEBUG]   (f) escapeWindowsPaths = true
[DEBUG]   (f) fileNameFiltering = false
[DEBUG]   (s) includeEmptyDirs = false
[DEBUG]   (s) outputDirectory = /workspaces/cs460-winter2025-b2-sec01-cs-460-deploy-microservices-to-aws-using-docker-compose-cs-460-explorecali/target/classes
[DEBUG]   (s) overwrite = false
[DEBUG]   (f) project = MavenProject: com.example:explorecali-jpa:3.0.0 @ /workspaces/cs460-winter2025-b2-sec01-cs-460-deploy-microservices-to-aws-using-docker-compose-cs-460-explorecali/pom.xml
[DEBUG]   (f) propertiesEncoding = UTF-8
[DEBUG]   (s) resources = [Resource {targetPath: null, filtering: true, FileSet {directory: /workspaces/cs460-winter2025-b2-sec01-cs-460-deploy-microservices-to-aws-using-docker-compose-cs-460-explorecali/src/main/resources, PatternSet [includes: {**/application*.yml, **/application*.yaml, **/application*.properties}, excludes: {}]}}, Resource {targetPath: null, filtering: false, FileSet {directory: /workspaces/cs460-winter2025-b2-sec01-cs-460-deploy-microservices-to-aws-using-docker-compose-cs-460-explorecali/src/main/resources, PatternSet [includes: {}, excludes: {**/application*.yml, **/application*.yaml, **/application*.properties}]}}]
[DEBUG]   (f) session = org.apache.maven.execution.MavenSession@363c4251
[DEBUG]   (f) skip = false
[DEBUG]   (f) supportMultiLineFiltering = false
[DEBUG]   (f) useBuildFilters = true
[DEBUG]   (s) useDefaultDelimiters = false
[DEBUG] -- end configuration --
[DEBUG] properties used:
[DEBUG] activemq.version: 5.18.4
[DEBUG] angus-mail.version: 2.0.3
[DEBUG] artemis.version: 2.31.2
[DEBUG] aspectj.version: 1.9.22
[DEBUG] assertj.version: 3.24.2
[DEBUG] awaitility.version: 4.2.1
[DEBUG] brave.version: 5.16.0
[DEBUG] build-helper-maven-plugin.version: 3.4.0
[DEBUG] byte-buddy.version: 1.14.13
[DEBUG] cache2k.version: 2.6.1.Final
[DEBUG] caffeine.version: 3.1.8
[DEBUG] cassandra-driver.version: 4.17.0
[DEBUG] classmate.version: 1.6.0
[DEBUG] classworlds.conf: /home/vscode/.m2/wrapper/dists/apache-maven-3.9.5-bin/32db9c34/apache-maven-3.9.5/bin/m2.conf
[DEBUG] commons-codec.version: 1.16.1
[DEBUG] commons-dbcp2.version: 2.10.0
[DEBUG] commons-lang3.version: 3.13.0
[DEBUG] commons-pool.version: 1.6
[DEBUG] commons-pool2.version: 2.12.0
[DEBUG] couchbase-client.version: 3.4.11
[DEBUG] crac.version: 1.4.0
[DEBUG] db2-jdbc.version: 11.5.9.0
[DEBUG] dependency-management-plugin.version: 1.1.4
[DEBUG] derby.version: 10.16.1.1
[DEBUG] dropwizard-metrics.version: 4.2.25
[DEBUG] ehcache3.version: 3.10.8
[DEBUG] elasticsearch-client.version: 8.10.4
[DEBUG] env.BROWSER: /vscode/bin/linux-x64/03c265b1adee71ac88f833e065f7bb956b60550a/bin/helpers/browser.sh
[DEBUG] env.CLOUDENV_ENVIRONMENT_ID: fb682874-dafb-4130-a1d8-dbcb42a66815
[DEBUG] env.CODESPACES: true
[DEBUG] env.CODESPACE_NAME: expert-lamp-g44v577q496gc5q9
[DEBUG] env.CODESPACE_VSCODE_FOLDER: /workspaces/cs460-winter2025-b2-sec01-cs-460-deploy-microservices-to-aws-using-docker-compose-cs-460-explorecali
[DEBUG] env.COLORTERM: truecolor
[DEBUG] env.ContainerVersion: 13
[DEBUG] env.DOCKER_BUILDKIT: 1
[DEBUG] env.FEATURE_SPARK_POST_COMMIT_CREATE_ITERATION: true
[DEBUG] env.GITHUB_API_URL: https://api.github.com
[DEBUG] env.GITHUB_CODESPACES_PORT_FORWARDING_DOMAIN: app.github.dev
[DEBUG] env.GITHUB_CODESPACE_TOKEN: BFGJIKJNHQSNENOEV4ZCR6DI6B7TBANCNFSM4AQV7ZRQ
[DEBUG] env.GITHUB_GRAPHQL_URL: https://api.github.com/graphql
[DEBUG] env.GITHUB_REPOSITORY: Ensign-College/cs460-winter2025-b2-sec01-cs-460-deploy-microservices-to-aws-using-docker-compose-cs-460-explorecali
[DEBUG] env.GITHUB_SERVER_URL: https://github.com
[DEBUG] env.GITHUB_TOKEN: ghu_Wx0SZKtunrwcNZQAaaA7mZQV9RQc3Q1IebTx
[DEBUG] env.GITHUB_USER: camiqf1
[DEBUG] env.GIT_ASKPASS: /vscode/bin/linux-x64/03c265b1adee71ac88f833e065f7bb956b60550a/extensions/git/dist/askpass.sh
[DEBUG] env.GIT_EDITOR: code --wait
[DEBUG] env.HOME: /home/vscode
[DEBUG] env.HOSTNAME: codespaces-bb5098
[DEBUG] env.INTERNAL_VSCS_TARGET_URL: https://westus3.online.visualstudio.com
[DEBUG] env.JAVA_HOME: /usr/lib/jvm/msopenjdk-current
[DEBUG] env.LANG: en_US.UTF-8
[DEBUG] env.LESS: -R
[DEBUG] env.LOGNAME: vscode
[DEBUG] env.LSCOLORS: Gxfxcxdxbxegedabagacad
[DEBUG] env.LS_COLORS: rs=0:di=01;34:ln=01;36:mh=00:pi=40;33:so=01;35:do=01;35:bd=40;33;01:cd=40;33;01:or=40;31;01:mi=00:su=37;41:sg=30;43:ca=30;41:tw=30;42:ow=34;42:st=37;44:ex=01;32:*.tar=01;31:*.tgz=01;31:*.arc=01;31:*.arj=01;31:*.taz=01;31:*.lha=01;31:*.lz4=01;31:*.lzh=01;31:*.lzma=01;31:*.tlz=01;31:*.txz=01;31:*.tzo=01;31:*.t7z=01;31:*.zip=01;31:*.z=01;31:*.dz=01;31:*.gz=01;31:*.lrz=01;31:*.lz=01;31:*.lzo=01;31:*.xz=01;31:*.zst=01;31:*.tzst=01;31:*.bz2=01;31:*.bz=01;31:*.tbz=01;31:*.tbz2=01;31:*.tz=01;31:*.deb=01;31:*.rpm=01;31:*.jar=01;31:*.war=01;31:*.ear=01;31:*.sar=01;31:*.rar=01;31:*.alz=01;31:*.ace=01;31:*.zoo=01;31:*.cpio=01;31:*.7z=01;31:*.rz=01;31:*.cab=01;31:*.wim=01;31:*.swm=01;31:*.dwm=01;31:*.esd=01;31:*.jpg=01;35:*.jpeg=01;35:*.mjpg=01;35:*.mjpeg=01;35:*.gif=01;35:*.bmp=01;35:*.pbm=01;35:*.pgm=01;35:*.ppm=01;35:*.tga=01;35:*.xbm=01;35:*.xpm=01;35:*.tif=01;35:*.tiff=01;35:*.png=01;35:*.svg=01;35:*.svgz=01;35:*.mng=01;35:*.pcx=01;35:*.mov=01;35:*.mpg=01;35:*.mpeg=01;35:*.m2v=01;35:*.mkv=01;35:*.webm=01;35:*.webp=01;35:*.ogm=01;35:*.mp4=01;35:*.m4v=01;35:*.mp4v=01;35:*.vob=01;35:*.qt=01;35:*.nuv=01;35:*.wmv=01;35:*.asf=01;35:*.rm=01;35:*.rmvb=01;35:*.flc=01;35:*.avi=01;35:*.fli=01;35:*.flv=01;35:*.gl=01;35:*.dl=01;35:*.xcf=01;35:*.xwd=01;35:*.yuv=01;35:*.cgm=01;35:*.emf=01;35:*.ogv=01;35:*.ogx=01;35:*.aac=00;36:*.au=00;36:*.flac=00;36:*.m4a=00;36:*.mid=00;36:*.midi=00;36:*.mka=00;36:*.mp3=00;36:*.mpc=00;36:*.ogg=00;36:*.ra=00;36:*.wav=00;36:*.oga=00;36:*.opus=00;36:*.spx=00;36:*.xspf=00;36:
[DEBUG] env.MAVEN_CMD_LINE_ARGS:  -e -X spring-boot:run
[DEBUG] env.MAVEN_HOME: /usr/local/sdkman/candidates/maven/current
[DEBUG] env.MAVEN_PROJECTBASEDIR: /workspaces/cs460-winter2025-b2-sec01-cs-460-deploy-microservices-to-aws-using-docker-compose-cs-460-explorecali
[DEBUG] env.NVM_CD_FLAGS: -q
[DEBUG] env.NVM_DIR: /usr/local/share/nvm
[DEBUG] env.NVM_RC_VERSION: 
[DEBUG] env.NVM_SYMLINK_CURRENT: true
[DEBUG] env.OLDPWD: /workspaces/cs460-winter2025-b2-sec01-cs-460-deploy-microservices-to-aws-using-docker-compose-cs-460-explorecali
[DEBUG] env.PAGER: less
[DEBUG] env.PATH: /vscode/bin/linux-x64/03c265b1adee71ac88f833e065f7bb956b60550a/bin/remote-cli:/usr/local/sdkman/bin:/usr/local/sdkman/candidates/java/current/bin:/usr/local/sdkman/candidates/gradle/current/bin:/usr/local/sdkman/candidates/maven/current/bin:/usr/local/sdkman/candidates/ant/current/bin:/usr/local/share/nvm/current/bin:/usr/local/sdkman/bin:/usr/local/sdkman/candidates/java/current/bin:/usr/local/sdkman/candidates/gradle/current/bin:/usr/local/sdkman/candidates/maven/current/bin:/usr/local/sdkman/candidates/ant/current/bin:/usr/lib/jvm/msopenjdk-current/bin:/usr/local/sdkman/bin:/usr/local/sdkman/candidates/java/current/bin:/usr/local/sdkman/candidates/gradle/current/bin:/usr/local/sdkman/candidates/maven/current/bin:/usr/local/sdkman/candidates/ant/current/bin:/usr/local/share/nvm/current/bin:/usr/local/sdkman/bin:/usr/local/sdkman/candidates/java/current/bin:/usr/local/sdkman/candidates/gradle/current/bin:/usr/local/sdkman/candidates/maven/current/bin:/usr/local/sdkman/candidates/ant/current/bin:/usr/lib/jvm/msopenjdk-current/bin:/usr/local/sbin:/usr/local/bin:/usr/sbin:/usr/bin:/sbin:/bin:/home/vscode/.local/bin:/home/vscode/.vscode-remote/data/User/globalStorage/github.copilot-chat/debugCommand
[DEBUG] env.PROMPT_DIRTRIM: 4
[DEBUG] env.PWD: /workspaces/cs460-winter2025-b2-sec01-cs-460-deploy-microservices-to-aws-using-docker-compose-cs-460-explorecali
[DEBUG] env.RepositoryName: cs460-winter2025-b2-sec01-cs-460-deploy-microservices-to-aws-using-docker-compose-cs-460-explorecali
[DEBUG] env.SDKMAN_BROKER_API: https://broker.sdkman.io
[DEBUG] env.SDKMAN_CANDIDATES_API: https://api.sdkman.io/2
[DEBUG] env.SDKMAN_CANDIDATES_DIR: /usr/local/sdkman/candidates
[DEBUG] env.SDKMAN_DIR: /usr/local/sdkman
[DEBUG] env.SDKMAN_PLATFORM: linuxx64
[DEBUG] env.SHELL: /bin/bash
[DEBUG] env.SHELL_LOGGED_IN: true
[DEBUG] env.SHLVL: 2
[DEBUG] env.TERM: xterm-256color
[DEBUG] env.TERM_PROGRAM: vscode
[DEBUG] env.TERM_PROGRAM_VERSION: 1.105.0
[DEBUG] env.USER: vscode
[DEBUG] env.USER_ZDOTDIR: /home/vscode
[DEBUG] env.VSCODE_GIT_ASKPASS_EXTRA_ARGS: 
[DEBUG] env.VSCODE_GIT_ASKPASS_MAIN: /vscode/bin/linux-x64/03c265b1adee71ac88f833e065f7bb956b60550a/extensions/git/dist/askpass-main.js
[DEBUG] env.VSCODE_GIT_ASKPASS_NODE: /vscode/bin/linux-x64/03c265b1adee71ac88f833e065f7bb956b60550a/node
[DEBUG] env.VSCODE_GIT_IPC_HANDLE: /tmp/vscode-git-eefd447ede.sock
[DEBUG] env.VSCODE_INJECTION: 1
[DEBUG] env.VSCODE_IPC_HOOK_CLI: /tmp/vscode-ipc-e5811a50-1784-4a12-99a5-f3887457f2c0.sock
[DEBUG] env.VSCODE_PYTHON_AUTOACTIVATE_GUARD: 1
[DEBUG] env.ZDOTDIR: /home/vscode
[DEBUG] env.ZSH: /home/vscode/.oh-my-zsh
[DEBUG] env._: /workspaces/cs460-winter2025-b2-sec01-cs-460-deploy-microservices-to-aws-using-docker-compose-cs-460-explorecali/./mvnw
[DEBUG] file.encoding: UTF-8
[DEBUG] file.separator: /
[DEBUG] flyway.version: 9.22.3
[DEBUG] freemarker.version: 2.3.32
[DEBUG] git-commit-id-maven-plugin.version: 6.0.0
[DEBUG] glassfish-jaxb.version: 4.0.5
[DEBUG] glassfish-jstl.version: 3.0.1
[DEBUG] graphql-java.version: 21.4
[DEBUG] groovy.version: 4.0.21
[DEBUG] gson.version: 2.10.1
[DEBUG] h2.version: 2.2.224
[DEBUG] hamcrest.version: 2.2
[DEBUG] hazelcast.version: 5.3.7
[DEBUG] hibernate-validator.version: 8.0.1.Final
[DEBUG] hibernate.version: 6.4.4.Final
[DEBUG] hikaricp.version: 5.0.1
[DEBUG] hsqldb.version: 2.7.2
[DEBUG] htmlunit.version: 2.70.0
[DEBUG] httpasyncclient.version: 4.1.5
[DEBUG] httpclient5.version: 5.2.3
[DEBUG] httpcore.version: 4.4.16
[DEBUG] httpcore5.version: 5.2.4
[DEBUG] infinispan.version: 14.0.27.Final
[DEBUG] influxdb-java.version: 2.23
[DEBUG] jackson-bom.version: 2.15.4
[DEBUG] jakarta-activation.version: 2.1.3
[DEBUG] jakarta-annotation.version: 2.1.1
[DEBUG] jakarta-jms.version: 3.1.0
[DEBUG] jakarta-json-bind.version: 3.0.1
[DEBUG] jakarta-json.version: 2.1.3
[DEBUG] jakarta-mail.version: 2.1.3
[DEBUG] jakarta-management.version: 1.1.4
[DEBUG] jakarta-persistence.version: 3.1.0
[DEBUG] jakarta-servlet-jsp-jstl.version: 3.0.0
[DEBUG] jakarta-servlet.version: 6.0.0
[DEBUG] jakarta-transaction.version: 2.0.1
[DEBUG] jakarta-validation.version: 3.0.2
[DEBUG] jakarta-websocket.version: 2.1.1
[DEBUG] jakarta-ws-rs.version: 3.1.0
[DEBUG] jakarta-xml-bind.version: 4.0.2
[DEBUG] jakarta-xml-soap.version: 3.0.1
[DEBUG] jakarta-xml-ws.version: 4.0.1
[DEBUG] janino.version: 3.1.12
[DEBUG] java.class.path: /workspaces/cs460-winter2025-b2-sec01-cs-460-deploy-microservices-to-aws-using-docker-compose-cs-460-explorecali/.mvn/wrapper/maven-wrapper.jar
[DEBUG] java.class.version: 65.0
[DEBUG] java.home: /usr/lib/jvm/msopenjdk-current
[DEBUG] java.io.tmpdir: /tmp
[DEBUG] java.library.path: /usr/java/packages/lib:/usr/lib64:/lib64:/lib:/usr/lib
[DEBUG] java.runtime.name: OpenJDK Runtime Environment
[DEBUG] java.runtime.version: 21.0.8+9-LTS
[DEBUG] java.specification.name: Java Platform API Specification
[DEBUG] java.specification.vendor: Oracle Corporation
[DEBUG] java.specification.version: 21
[DEBUG] java.vendor: Microsoft
[DEBUG] java.vendor.url: https://www.microsoft.com
[DEBUG] java.vendor.url.bug: https://github.com/microsoft/openjdk/issues
[DEBUG] java.vendor.version: Microsoft-11933203
[DEBUG] java.version: 21.0.8
[DEBUG] java.version.date: 2025-07-15
[DEBUG] java.vm.compressedOopsMode: 32-bit
[DEBUG] java.vm.info: mixed mode, sharing
[DEBUG] java.vm.name: OpenJDK 64-Bit Server VM
[DEBUG] java.vm.specification.name: Java Virtual Machine Specification
[DEBUG] java.vm.specification.vendor: Oracle Corporation
[DEBUG] java.vm.specification.version: 21
[DEBUG] java.vm.vendor: Microsoft
[DEBUG] java.vm.version: 21.0.8+9-LTS
[DEBUG] javax-cache.version: 1.1.1
[DEBUG] javax-money.version: 1.1
[DEBUG] jaxen.version: 2.0.0
[DEBUG] jaybird.version: 5.0.4.java11
[DEBUG] jboss-logging.version: 3.5.3.Final
[DEBUG] jdk.debug: release
[DEBUG] jdom2.version: 2.0.6.1
[DEBUG] jedis.version: 5.0.2
[DEBUG] jersey.version: 3.1.6
[DEBUG] jetty-reactive-httpclient.version: 4.0.3
[DEBUG] jetty.version: 12.0.8
[DEBUG] jmustache.version: 1.15
[DEBUG] jooq.version: 3.18.14
[DEBUG] json-path.version: 2.9.0
[DEBUG] json-smart.version: 2.5.1
[DEBUG] jsonassert.version: 1.5.1
[DEBUG] jtds.version: 1.3.1
[DEBUG] junit-jupiter.version: 5.10.2
[DEBUG] junit.version: 4.13.2
[DEBUG] kafka.version: 3.6.2
[DEBUG] kotlin-coroutines.version: 1.7.3
[DEBUG] kotlin-serialization.version: 1.6.3
[DEBUG] kotlin.version: 1.9.23
[DEBUG] lettuce.version: 6.3.2.RELEASE
[DEBUG] line.separator: 

[DEBUG] liquibase.version: 4.24.0
[DEBUG] log4j2.version: 2.21.1
[DEBUG] logback.version: 1.4.14
[DEBUG] lombok.version: 1.18.32
[DEBUG] mariadb.version: 3.3.3
[DEBUG] maven-antrun-plugin.version: 3.1.0
[DEBUG] maven-assembly-plugin.version: 3.6.0
[DEBUG] maven-clean-plugin.version: 3.3.2
[DEBUG] maven-compiler-plugin.version: 3.11.0
[DEBUG] maven-dependency-plugin.version: 3.6.1
[DEBUG] maven-deploy-plugin.version: 3.1.1
[DEBUG] maven-enforcer-plugin.version: 3.4.1
[DEBUG] maven-failsafe-plugin.version: 3.1.2
[DEBUG] maven-help-plugin.version: 3.4.0
[DEBUG] maven-install-plugin.version: 3.1.1
[DEBUG] maven-invoker-plugin.version: 3.6.1
[DEBUG] maven-jar-plugin.version: 3.3.0
[DEBUG] maven-javadoc-plugin.version: 3.6.3
[DEBUG] maven-resources-plugin.version: 3.3.1
[DEBUG] maven-shade-plugin.version: 3.5.2
[DEBUG] maven-source-plugin.version: 3.3.1
[DEBUG] maven-surefire-plugin.version: 3.1.2
[DEBUG] maven-war-plugin.version: 3.4.0
[DEBUG] maven.build.timestamp: 2025-10-15T18:39:28Z
[DEBUG] maven.build.version: Apache Maven 3.9.5 (57804ffe001d7215b5e7bcb531cf83df38f93546)
[DEBUG] maven.compiler.release: 21
[DEBUG] maven.conf: /home/vscode/.m2/wrapper/dists/apache-maven-3.9.5-bin/32db9c34/apache-maven-3.9.5/conf
[DEBUG] maven.home: /home/vscode/.m2/wrapper/dists/apache-maven-3.9.5-bin/32db9c34/apache-maven-3.9.5
[DEBUG] maven.multiModuleProjectDirectory: /workspaces/cs460-winter2025-b2-sec01-cs-460-deploy-microservices-to-aws-using-docker-compose-cs-460-explorecali
[DEBUG] maven.version: 3.9.5
[DEBUG] micrometer-tracing.version: 1.2.5
[DEBUG] micrometer.version: 1.12.5
[DEBUG] mockito.version: 5.7.0
[DEBUG] mongodb.version: 4.11.2
[DEBUG] mssql-jdbc.version: 12.4.2.jre11
[DEBUG] mysql.version: 8.3.0
[DEBUG] native-build-tools-plugin.version: 0.9.28
[DEBUG] native.encoding: UTF-8
[DEBUG] nekohtml.version: 1.9.22
[DEBUG] neo4j-java-driver.version: 5.19.0
[DEBUG] netty.version: 4.1.109.Final
[DEBUG] okhttp.version: 4.12.0
[DEBUG] opentelemetry.version: 1.31.0
[DEBUG] oracle-database.version: 21.9.0.0
[DEBUG] oracle-r2dbc.version: 1.1.1
[DEBUG] os.arch: amd64
[DEBUG] os.name: Linux
[DEBUG] os.version: 6.8.0-1030-azure
[DEBUG] path.separator: :
[DEBUG] pooled-jms.version: 3.1.5
[DEBUG] postgresql.version: 42.6.2
[DEBUG] project.baseUri: file:/workspaces/cs460-winter2025-b2-sec01-cs-460-deploy-microservices-to-aws-using-docker-compose-cs-460-explorecali/
[DEBUG] project.build.sourceEncoding: UTF-8
[DEBUG] project.reporting.outputEncoding: UTF-8
[DEBUG] prometheus-client.version: 0.16.0
[DEBUG] pulsar-reactive.version: 0.5.4
[DEBUG] pulsar.version: 3.1.3
[DEBUG] quartz.version: 2.3.2
[DEBUG] querydsl.version: 5.0.0
[DEBUG] r2dbc-h2.version: 1.0.0.RELEASE
[DEBUG] r2dbc-mariadb.version: 1.1.4
[DEBUG] r2dbc-mssql.version: 1.0.2.RELEASE
[DEBUG] r2dbc-mysql.version: 1.0.6
[DEBUG] r2dbc-pool.version: 1.0.1.RELEASE
[DEBUG] r2dbc-postgresql.version: 1.0.5.RELEASE
[DEBUG] r2dbc-proxy.version: 1.1.4.RELEASE
[DEBUG] r2dbc-spi.version: 1.0.0.RELEASE
[DEBUG] rabbit-amqp-client.version: 5.19.0
[DEBUG] rabbit-stream-client.version: 0.14.0
[DEBUG] reactive-streams.version: 1.0.4
[DEBUG] reactor-bom.version: 2023.0.5
[DEBUG] resource.delimiter: @
[DEBUG] rest-assured.version: 5.3.2
[DEBUG] rsocket.version: 1.1.3
[DEBUG] rxjava3.version: 3.1.8
[DEBUG] saaj-impl.version: 3.0.3
[DEBUG] selenium-htmlunit.version: 4.13.0
[DEBUG] selenium.version: 4.14.1
[DEBUG] sendgrid.version: 4.9.3
[DEBUG] slf4j.version: 2.0.13
[DEBUG] snakeyaml.version: 2.2
[DEBUG] spring-amqp.version: 3.1.4
[DEBUG] spring-authorization-server.version: 1.2.4
[DEBUG] spring-batch.version: 5.1.1
[DEBUG] spring-data-bom.version: 2023.1.5
[DEBUG] spring-framework.version: 6.1.6
[DEBUG] spring-graphql.version: 1.2.6
[DEBUG] spring-hateoas.version: 2.2.2
[DEBUG] spring-integration.version: 6.2.4
[DEBUG] spring-kafka.version: 3.1.4
[DEBUG] spring-ldap.version: 3.2.3
[DEBUG] spring-pulsar.version: 1.0.5
[DEBUG] spring-restdocs.version: 3.0.1
[DEBUG] spring-retry.version: 2.0.5
[DEBUG] spring-security.version: 6.2.4
[DEBUG] spring-session.version: 3.2.2
[DEBUG] spring-ws.version: 4.0.10
[DEBUG] sqlite-jdbc.version: 3.43.2.0
[DEBUG] start-class: com.example.explorecalijpa.ExplorecaliJpaApplication
[DEBUG] stderr.encoding: UTF-8
[DEBUG] stdout.encoding: UTF-8
[DEBUG] sun.arch.data.model: 64
[DEBUG] sun.boot.library.path: /usr/lib/jvm/msopenjdk-current/lib
[DEBUG] sun.cpu.endian: little
[DEBUG] sun.io.unicode.encoding: UnicodeLittle
[DEBUG] sun.java.command: org.apache.maven.wrapper.MavenWrapperMain -e -X spring-boot:run
[DEBUG] sun.java.launcher: SUN_STANDARD
[DEBUG] sun.jnu.encoding: UTF-8
[DEBUG] sun.management.compiler: HotSpot 64-Bit Tiered Compilers
[DEBUG] testcontainers.version: 1.19.7
[DEBUG] thymeleaf-extras-data-attribute.version: 2.0.1
[DEBUG] thymeleaf-extras-springsecurity.version: 3.1.2.RELEASE
[DEBUG] thymeleaf-layout-dialect.version: 3.3.0
[DEBUG] thymeleaf.version: 3.1.2.RELEASE
[DEBUG] tomcat.version: 10.1.20
[DEBUG] unboundid-ldapsdk.version: 6.0.11
[DEBUG] undertow.version: 2.3.12.Final
[DEBUG] user.country: US
[DEBUG] user.dir: /workspaces/cs460-winter2025-b2-sec01-cs-460-deploy-microservices-to-aws-using-docker-compose-cs-460-explorecali
[DEBUG] user.home: /home/vscode
[DEBUG] user.language: en
[DEBUG] user.name: vscode
[DEBUG] versions-maven-plugin.version: 2.16.2
[DEBUG] webjars-locator-core.version: 0.55
[DEBUG] wsdl4j.version: 1.6.3
[DEBUG] xml-maven-plugin.version: 1.1.0
[DEBUG] xmlunit2.version: 2.9.1
[DEBUG] yasson.version: 3.0.3
[DEBUG] Using 'UTF-8' encoding to copy filtered resources.
[DEBUG] Using 'UTF-8' encoding to copy filtered properties files.
[DEBUG] resource with targetPath null
directory /workspaces/cs460-winter2025-b2-sec01-cs-460-deploy-microservices-to-aws-using-docker-compose-cs-460-explorecali/src/main/resources
excludes []
includes [**/application*.yml, **/application*.yaml, **/application*.properties]
[DEBUG] ignoreDelta true
[INFO] Copying 2 resources from src/main/resources to target/classes
[DEBUG] Copying file application.properties
[DEBUG] file application.properties has a filtered file extension
[DEBUG] Using 'UTF-8' encoding to copy filtered resource 'application.properties'.
[DEBUG] filtering /workspaces/cs460-winter2025-b2-sec01-cs-460-deploy-microservices-to-aws-using-docker-compose-cs-460-explorecali/src/main/resources/application.properties to /workspaces/cs460-winter2025-b2-sec01-cs-460-deploy-microservices-to-aws-using-docker-compose-cs-460-explorecali/target/classes/application.properties
[DEBUG] Copying file application.yml
[DEBUG] file application.yml has a filtered file extension
[DEBUG] Using 'UTF-8' encoding to copy filtered resource 'application.yml'.
[DEBUG] filtering /workspaces/cs460-winter2025-b2-sec01-cs-460-deploy-microservices-to-aws-using-docker-compose-cs-460-explorecali/src/main/resources/application.yml to /workspaces/cs460-winter2025-b2-sec01-cs-460-deploy-microservices-to-aws-using-docker-compose-cs-460-explorecali/target/classes/application.yml
[DEBUG] resource with targetPath null
directory /workspaces/cs460-winter2025-b2-sec01-cs-460-deploy-microservices-to-aws-using-docker-compose-cs-460-explorecali/src/main/resources
excludes [**/application*.yml, **/application*.yaml, **/application*.properties]
includes []
[DEBUG] ignoreDelta true
[INFO] Copying 5 resources from src/main/resources to target/classes
[DEBUG] Copying file db/migration/V1.2__AddTours.sql
[DEBUG] file V1.2__AddTours.sql has a filtered file extension
[DEBUG] Using 'UTF-8' encoding to copy filtered resource 'V1.2__AddTours.sql'.
[DEBUG] copy /workspaces/cs460-winter2025-b2-sec01-cs-460-deploy-microservices-to-aws-using-docker-compose-cs-460-explorecali/src/main/resources/db/migration/V1.2__AddTours.sql to /workspaces/cs460-winter2025-b2-sec01-cs-460-deploy-microservices-to-aws-using-docker-compose-cs-460-explorecali/target/classes/db/migration/V1.2__AddTours.sql
[DEBUG] Copying file db/migration/V1.4__AddTourRatings.sql
[DEBUG] file V1.4__AddTourRatings.sql has a filtered file extension
[DEBUG] Using 'UTF-8' encoding to copy filtered resource 'V1.4__AddTourRatings.sql'.
[DEBUG] copy /workspaces/cs460-winter2025-b2-sec01-cs-460-deploy-microservices-to-aws-using-docker-compose-cs-460-explorecali/src/main/resources/db/migration/V1.4__AddTourRatings.sql to /workspaces/cs460-winter2025-b2-sec01-cs-460-deploy-microservices-to-aws-using-docker-compose-cs-460-explorecali/target/classes/db/migration/V1.4__AddTourRatings.sql
[DEBUG] Copying file db/migration/V1.1__CreateTourSchema.sql
[DEBUG] file V1.1__CreateTourSchema.sql has a filtered file extension
[DEBUG] Using 'UTF-8' encoding to copy filtered resource 'V1.1__CreateTourSchema.sql'.
[DEBUG] copy /workspaces/cs460-winter2025-b2-sec01-cs-460-deploy-microservices-to-aws-using-docker-compose-cs-460-explorecali/src/main/resources/db/migration/V1.1__CreateTourSchema.sql to /workspaces/cs460-winter2025-b2-sec01-cs-460-deploy-microservices-to-aws-using-docker-compose-cs-460-explorecali/target/classes/db/migration/V1.1__CreateTourSchema.sql
[DEBUG] Copying file db/migration/V1.3__CreateTourRatingSchema.sql
[DEBUG] file V1.3__CreateTourRatingSchema.sql has a filtered file extension
[DEBUG] Using 'UTF-8' encoding to copy filtered resource 'V1.3__CreateTourRatingSchema.sql'.
[DEBUG] copy /workspaces/cs460-winter2025-b2-sec01-cs-460-deploy-microservices-to-aws-using-docker-compose-cs-460-explorecali/src/main/resources/db/migration/V1.3__CreateTourRatingSchema.sql to /workspaces/cs460-winter2025-b2-sec01-cs-460-deploy-microservices-to-aws-using-docker-compose-cs-460-explorecali/target/classes/db/migration/V1.3__CreateTourRatingSchema.sql
[DEBUG] Copying file logback.xml
[DEBUG] file logback.xml has a filtered file extension
[DEBUG] Using 'UTF-8' encoding to copy filtered resource 'logback.xml'.
[DEBUG] copy /workspaces/cs460-winter2025-b2-sec01-cs-460-deploy-microservices-to-aws-using-docker-compose-cs-460-explorecali/src/main/resources/logback.xml to /workspaces/cs460-winter2025-b2-sec01-cs-460-deploy-microservices-to-aws-using-docker-compose-cs-460-explorecali/target/classes/logback.xml
[DEBUG] no user filter components
[INFO] 
[INFO] --- compiler:3.11.0:compile (default-compile) @ explorecali-jpa ---
[DEBUG] Using mirror maven-default-http-blocker (http://0.0.0.0/) for apache.snapshots (http://repository.apache.org/snapshots).
[DEBUG] Dependency collection stats {ConflictMarker.analyzeTime=85349, ConflictMarker.markTime=1115373, ConflictMarker.nodeCount=17, ConflictIdSorter.graphTime=54582, ConflictIdSorter.topsortTime=23584, ConflictIdSorter.conflictIdCount=12, ConflictIdSorter.conflictIdCycleCount=0, ConflictResolver.totalTime=2468479, ConflictResolver.conflictItemCount=17, DfDependencyCollector.collectTime=73520691, DfDependencyCollector.transformTime=3782903}
[DEBUG] org.apache.maven.plugins:maven-compiler-plugin:jar:3.11.0
[DEBUG]    org.apache.maven.shared:maven-shared-utils:jar:3.3.4:compile
[DEBUG]       commons-io:commons-io:jar:2.6:compile
[DEBUG]    org.apache.maven.shared:maven-shared-incremental:jar:1.1:compile
[DEBUG]       org.codehaus.plexus:plexus-component-annotations:jar:1.5.5:compile
[DEBUG]    org.codehaus.plexus:plexus-java:jar:1.1.2:compile
[DEBUG]       org.ow2.asm:asm:jar:9.4:compile
[DEBUG]       com.thoughtworks.qdox:qdox:jar:2.0.3:compile (version managed from default)
[DEBUG]    org.codehaus.plexus:plexus-compiler-api:jar:2.13.0:compile
[DEBUG]       org.codehaus.plexus:plexus-utils:jar:3.5.0:compile (version managed from default)
[DEBUG]    org.codehaus.plexus:plexus-compiler-manager:jar:2.13.0:compile
[DEBUG]    org.codehaus.plexus:plexus-compiler-javac:jar:2.13.0:runtime
[DEBUG] Created new class realm plugin>org.apache.maven.plugins:maven-compiler-plugin:3.11.0
[DEBUG] Importing foreign packages into class realm plugin>org.apache.maven.plugins:maven-compiler-plugin:3.11.0
[DEBUG]   Imported:  < maven.api
[DEBUG] Populating class realm plugin>org.apache.maven.plugins:maven-compiler-plugin:3.11.0
[DEBUG]   Included: org.apache.maven.plugins:maven-compiler-plugin:jar:3.11.0
[DEBUG]   Included: org.apache.maven.shared:maven-shared-utils:jar:3.3.4
[DEBUG]   Included: commons-io:commons-io:jar:2.6
[DEBUG]   Included: org.apache.maven.shared:maven-shared-incremental:jar:1.1
[DEBUG]   Included: org.codehaus.plexus:plexus-component-annotations:jar:1.5.5
[DEBUG]   Included: org.codehaus.plexus:plexus-java:jar:1.1.2
[DEBUG]   Included: org.ow2.asm:asm:jar:9.4
[DEBUG]   Included: com.thoughtworks.qdox:qdox:jar:2.0.3
[DEBUG]   Included: org.codehaus.plexus:plexus-compiler-api:jar:2.13.0
[DEBUG]   Included: org.codehaus.plexus:plexus-utils:jar:3.5.0
[DEBUG]   Included: org.codehaus.plexus:plexus-compiler-manager:jar:2.13.0
[DEBUG]   Included: org.codehaus.plexus:plexus-compiler-javac:jar:2.13.0
[DEBUG] Loading mojo org.apache.maven.plugins:maven-compiler-plugin:3.11.0:compile from plugin realm ClassRealm[plugin>org.apache.maven.plugins:maven-compiler-plugin:3.11.0, parent: java.net.URLClassLoader@76fb509a]
[DEBUG] Configuring mojo execution 'org.apache.maven.plugins:maven-compiler-plugin:3.11.0:compile:default-compile' with basic configurator -->
[DEBUG]   (f) basedir = /workspaces/cs460-winter2025-b2-sec01-cs-460-deploy-microservices-to-aws-using-docker-compose-cs-460-explorecali
[DEBUG]   (f) buildDirectory = /workspaces/cs460-winter2025-b2-sec01-cs-460-deploy-microservices-to-aws-using-docker-compose-cs-460-explorecali/target
[DEBUG]   (f) compilePath = [/workspaces/cs460-winter2025-b2-sec01-cs-460-deploy-microservices-to-aws-using-docker-compose-cs-460-explorecali/target/classes, /home/vscode/.m2/repository/org/springframework/boot/spring-boot-starter-data-jpa/3.2.5/spring-boot-starter-data-jpa-3.2.5.jar, /home/vscode/.m2/repository/org/springframework/boot/spring-boot-starter-aop/3.2.5/spring-boot-starter-aop-3.2.5.jar, /home/vscode/.m2/repository/org/aspectj/aspectjweaver/1.9.22/aspectjweaver-1.9.22.jar, /home/vscode/.m2/repository/org/springframework/boot/spring-boot-starter-jdbc/3.2.5/spring-boot-starter-jdbc-3.2.5.jar, /home/vscode/.m2/repository/com/zaxxer/HikariCP/5.0.1/HikariCP-5.0.1.jar, /home/vscode/.m2/repository/org/springframework/spring-jdbc/6.1.6/spring-jdbc-6.1.6.jar, /home/vscode/.m2/repository/org/hibernate/orm/hibernate-core/6.4.4.Final/hibernate-core-6.4.4.Final.jar, /home/vscode/.m2/repository/jakarta/persistence/jakarta.persistence-api/3.1.0/jakarta.persistence-api-3.1.0.jar, /home/vscode/.m2/repository/jakarta/transaction/jakarta.transaction-api/2.0.1/jakarta.transaction-api-2.0.1.jar, /home/vscode/.m2/repository/org/jboss/logging/jboss-logging/3.5.3.Final/jboss-logging-3.5.3.Final.jar, /home/vscode/.m2/repository/com/fasterxml/classmate/1.6.0/classmate-1.6.0.jar, /home/vscode/.m2/repository/org/antlr/antlr4-runtime/4.13.0/antlr4-runtime-4.13.0.jar, /home/vscode/.m2/repository/org/springframework/data/spring-data-jpa/3.2.5/spring-data-jpa-3.2.5.jar, /home/vscode/.m2/repository/org/springframework/data/spring-data-commons/3.2.5/spring-data-commons-3.2.5.jar, /home/vscode/.m2/repository/org/springframework/spring-orm/6.1.6/spring-orm-6.1.6.jar, /home/vscode/.m2/repository/org/springframework/spring-context/6.1.6/spring-context-6.1.6.jar, /home/vscode/.m2/repository/org/springframework/spring-tx/6.1.6/spring-tx-6.1.6.jar, /home/vscode/.m2/repository/org/springframework/spring-beans/6.1.6/spring-beans-6.1.6.jar, /home/vscode/.m2/repository/jakarta/annotation/jakarta.annotation-api/2.1.1/jakarta.annotation-api-2.1.1.jar, /home/vscode/.m2/repository/org/springframework/spring-aspects/6.1.6/spring-aspects-6.1.6.jar, /home/vscode/.m2/repository/org/springframework/boot/spring-boot-starter-data-rest/3.2.5/spring-boot-starter-data-rest-3.2.5.jar, /home/vscode/.m2/repository/org/springframework/data/spring-data-rest-webmvc/4.2.5/spring-data-rest-webmvc-4.2.5.jar, /home/vscode/.m2/repository/org/springframework/data/spring-data-rest-core/4.2.5/spring-data-rest-core-4.2.5.jar, /home/vscode/.m2/repository/org/springframework/hateoas/spring-hateoas/2.2.2/spring-hateoas-2.2.2.jar, /home/vscode/.m2/repository/org/springframework/plugin/spring-plugin-core/3.0.0/spring-plugin-core-3.0.0.jar, /home/vscode/.m2/repository/org/atteo/evo-inflector/1.3/evo-inflector-1.3.jar, /home/vscode/.m2/repository/com/fasterxml/jackson/core/jackson-annotations/2.15.4/jackson-annotations-2.15.4.jar, /home/vscode/.m2/repository/org/springframework/boot/spring-boot-starter-web/3.2.5/spring-boot-starter-web-3.2.5.jar, /home/vscode/.m2/repository/org/springframework/boot/spring-boot-starter/3.2.5/spring-boot-starter-3.2.5.jar, /home/vscode/.m2/repository/org/springframework/boot/spring-boot-autoconfigure/3.2.5/spring-boot-autoconfigure-3.2.5.jar, /home/vscode/.m2/repository/org/springframework/boot/spring-boot-starter-logging/3.2.5/spring-boot-starter-logging-3.2.5.jar, /home/vscode/.m2/repository/ch/qos/logback/logback-classic/1.4.14/logback-classic-1.4.14.jar, /home/vscode/.m2/repository/ch/qos/logback/logback-core/1.4.14/logback-core-1.4.14.jar, /home/vscode/.m2/repository/org/apache/logging/log4j/log4j-to-slf4j/2.21.1/log4j-to-slf4j-2.21.1.jar, /home/vscode/.m2/repository/org/apache/logging/log4j/log4j-api/2.21.1/log4j-api-2.21.1.jar, /home/vscode/.m2/repository/org/slf4j/jul-to-slf4j/2.0.13/jul-to-slf4j-2.0.13.jar, /home/vscode/.m2/repository/org/yaml/snakeyaml/2.2/snakeyaml-2.2.jar, /home/vscode/.m2/repository/org/springframework/boot/spring-boot-starter-json/3.2.5/spring-boot-starter-json-3.2.5.jar, /home/vscode/.m2/repository/com/fasterxml/jackson/datatype/jackson-datatype-jdk8/2.15.4/jackson-datatype-jdk8-2.15.4.jar, /home/vscode/.m2/repository/com/fasterxml/jackson/datatype/jackson-datatype-jsr310/2.15.4/jackson-datatype-jsr310-2.15.4.jar, /home/vscode/.m2/repository/org/springframework/boot/spring-boot-starter-tomcat/3.2.5/spring-boot-starter-tomcat-3.2.5.jar, /home/vscode/.m2/repository/org/apache/tomcat/embed/tomcat-embed-core/10.1.20/tomcat-embed-core-10.1.20.jar, /home/vscode/.m2/repository/org/apache/tomcat/embed/tomcat-embed-websocket/10.1.20/tomcat-embed-websocket-10.1.20.jar, /home/vscode/.m2/repository/org/springframework/spring-web/6.1.6/spring-web-6.1.6.jar, /home/vscode/.m2/repository/org/springframework/spring-webmvc/6.1.6/spring-webmvc-6.1.6.jar, /home/vscode/.m2/repository/org/springframework/spring-expression/6.1.6/spring-expression-6.1.6.jar, /home/vscode/.m2/repository/org/springframework/boot/spring-boot-starter-security/3.2.5/spring-boot-starter-security-3.2.5.jar, /home/vscode/.m2/repository/org/springframework/spring-aop/6.1.6/spring-aop-6.1.6.jar, /home/vscode/.m2/repository/org/springframework/security/spring-security-config/6.2.4/spring-security-config-6.2.4.jar, /home/vscode/.m2/repository/org/springframework/security/spring-security-web/6.2.4/spring-security-web-6.2.4.jar, /home/vscode/.m2/repository/org/springframework/boot/spring-boot-starter-validation/3.2.5/spring-boot-starter-validation-3.2.5.jar, /home/vscode/.m2/repository/org/apache/tomcat/embed/tomcat-embed-el/10.1.20/tomcat-embed-el-10.1.20.jar, /home/vscode/.m2/repository/org/hibernate/validator/hibernate-validator/8.0.1.Final/hibernate-validator-8.0.1.Final.jar, /home/vscode/.m2/repository/jakarta/validation/jakarta.validation-api/3.0.2/jakarta.validation-api-3.0.2.jar, /home/vscode/.m2/repository/org/springframework/boot/spring-boot-starter-actuator/3.2.5/spring-boot-starter-actuator-3.2.5.jar, /home/vscode/.m2/repository/org/springframework/boot/spring-boot-actuator-autoconfigure/3.2.5/spring-boot-actuator-autoconfigure-3.2.5.jar, /home/vscode/.m2/repository/org/springframework/boot/spring-boot-actuator/3.2.5/spring-boot-actuator-3.2.5.jar, /home/vscode/.m2/repository/io/micrometer/micrometer-observation/1.12.5/micrometer-observation-1.12.5.jar, /home/vscode/.m2/repository/io/micrometer/micrometer-commons/1.12.5/micrometer-commons-1.12.5.jar, /home/vscode/.m2/repository/io/micrometer/micrometer-jakarta9/1.12.5/micrometer-jakarta9-1.12.5.jar, /home/vscode/.m2/repository/io/micrometer/micrometer-core/1.12.5/micrometer-core-1.12.5.jar, /home/vscode/.m2/repository/org/springframework/boot/spring-boot-starter-cache/3.2.5/spring-boot-starter-cache-3.2.5.jar, /home/vscode/.m2/repository/org/springframework/spring-context-support/6.1.6/spring-context-support-6.1.6.jar, /home/vscode/.m2/repository/com/github/ben-manes/caffeine/caffeine/3.1.8/caffeine-3.1.8.jar, /home/vscode/.m2/repository/org/checkerframework/checker-qual/3.37.0/checker-qual-3.37.0.jar, /home/vscode/.m2/repository/com/google/errorprone/error_prone_annotations/2.21.1/error_prone_annotations-2.21.1.jar, /home/vscode/.m2/repository/org/flywaydb/flyway-core/9.22.3/flyway-core-9.22.3.jar, /home/vscode/.m2/repository/com/fasterxml/jackson/dataformat/jackson-dataformat-toml/2.15.4/jackson-dataformat-toml-2.15.4.jar, /home/vscode/.m2/repository/com/fasterxml/jackson/core/jackson-core/2.15.4/jackson-core-2.15.4.jar, /home/vscode/.m2/repository/com/google/code/gson/gson/2.10.1/gson-2.10.1.jar, /home/vscode/.m2/repository/org/flywaydb/flyway-mysql/9.22.3/flyway-mysql-9.22.3.jar, /home/vscode/.m2/repository/org/springframework/boot/spring-boot/3.2.5/spring-boot-3.2.5.jar, /home/vscode/.m2/repository/com/fasterxml/jackson/core/jackson-databind/2.15.4/jackson-databind-2.15.4.jar, /home/vscode/.m2/repository/com/fasterxml/jackson/module/jackson-module-parameter-names/2.15.4/jackson-module-parameter-names-2.15.4.jar, /home/vscode/.m2/repository/org/springdoc/springdoc-openapi-starter-webmvc-ui/2.5.0/springdoc-openapi-starter-webmvc-ui-2.5.0.jar, /home/vscode/.m2/repository/org/springdoc/springdoc-openapi-starter-webmvc-api/2.5.0/springdoc-openapi-starter-webmvc-api-2.5.0.jar, /home/vscode/.m2/repository/org/springdoc/springdoc-openapi-starter-common/2.5.0/springdoc-openapi-starter-common-2.5.0.jar, /home/vscode/.m2/repository/io/swagger/core/v3/swagger-core-jakarta/2.2.21/swagger-core-jakarta-2.2.21.jar, /home/vscode/.m2/repository/org/apache/commons/commons-lang3/3.13.0/commons-lang3-3.13.0.jar, /home/vscode/.m2/repository/io/swagger/core/v3/swagger-annotations-jakarta/2.2.21/swagger-annotations-jakarta-2.2.21.jar, /home/vscode/.m2/repository/io/swagger/core/v3/swagger-models-jakarta/2.2.21/swagger-models-jakarta-2.2.21.jar, /home/vscode/.m2/repository/com/fasterxml/jackson/dataformat/jackson-dataformat-yaml/2.15.4/jackson-dataformat-yaml-2.15.4.jar, /home/vscode/.m2/repository/org/webjars/swagger-ui/5.13.0/swagger-ui-5.13.0.jar, /home/vscode/.m2/repository/org/projectlombok/lombok/1.18.32/lombok-1.18.32.jar, /home/vscode/.m2/repository/com/jayway/jsonpath/json-path/2.9.0/json-path-2.9.0.jar, /home/vscode/.m2/repository/jakarta/xml/bind/jakarta.xml.bind-api/4.0.2/jakarta.xml.bind-api-4.0.2.jar, /home/vscode/.m2/repository/jakarta/activation/jakarta.activation-api/2.1.3/jakarta.activation-api-2.1.3.jar, /home/vscode/.m2/repository/org/springframework/spring-core/6.1.6/spring-core-6.1.6.jar, /home/vscode/.m2/repository/org/springframework/spring-jcl/6.1.6/spring-jcl-6.1.6.jar, /home/vscode/.m2/repository/org/springframework/security/spring-security-core/6.2.4/spring-security-core-6.2.4.jar, /home/vscode/.m2/repository/org/springframework/security/spring-security-crypto/6.2.4/spring-security-crypto-6.2.4.jar, /home/vscode/.m2/repository/org/slf4j/slf4j-api/2.0.13/slf4j-api-2.0.13.jar]
[DEBUG]   (f) compileSourceRoots = [/workspaces/cs460-winter2025-b2-sec01-cs-460-deploy-microservices-to-aws-using-docker-compose-cs-460-explorecali/src/main/java]
[DEBUG]   (f) compilerId = javac
[DEBUG]   (f) createMissingPackageInfoClass = true
[DEBUG]   (f) debug = true
[DEBUG]   (f) debugFileName = javac
[DEBUG]   (f) enablePreview = false
[DEBUG]   (f) encoding = UTF-8
[DEBUG]   (f) failOnError = true
[DEBUG]   (f) failOnWarning = false
[DEBUG]   (f) forceJavacCompilerUse = false
[DEBUG]   (f) fork = false
[DEBUG]   (f) generatedSourcesDirectory = /workspaces/cs460-winter2025-b2-sec01-cs-460-deploy-microservices-to-aws-using-docker-compose-cs-460-explorecali/target/generated-sources/annotations
[DEBUG]   (f) mojoExecution = org.apache.maven.plugins:maven-compiler-plugin:3.11.0:compile {execution: default-compile}
[DEBUG]   (f) optimize = false
[DEBUG]   (f) outputDirectory = /workspaces/cs460-winter2025-b2-sec01-cs-460-deploy-microservices-to-aws-using-docker-compose-cs-460-explorecali/target/classes
[DEBUG]   (f) parameters = true
[DEBUG]   (f) project = MavenProject: com.example:explorecali-jpa:3.0.0 @ /workspaces/cs460-winter2025-b2-sec01-cs-460-deploy-microservices-to-aws-using-docker-compose-cs-460-explorecali/pom.xml
[DEBUG]   (f) projectArtifact = com.example:explorecali-jpa:jar:3.0.0
[DEBUG]   (s) release = 21
[DEBUG]   (f) session = org.apache.maven.execution.MavenSession@363c4251
[DEBUG]   (f) showCompilationChanges = false
[DEBUG]   (f) showDeprecation = false
[DEBUG]   (f) showWarnings = true
[DEBUG]   (f) skipMultiThreadWarning = false
[DEBUG]   (f) source = 1.8
[DEBUG]   (f) staleMillis = 0
[DEBUG]   (s) target = 1.8
[DEBUG]   (f) useIncrementalCompilation = true
[DEBUG]   (f) verbose = false
[DEBUG] -- end configuration --
[DEBUG] Using compiler 'javac'.
[DEBUG] Adding /workspaces/cs460-winter2025-b2-sec01-cs-460-deploy-microservices-to-aws-using-docker-compose-cs-460-explorecali/target/generated-sources/annotations to compile source roots:
  /workspaces/cs460-winter2025-b2-sec01-cs-460-deploy-microservices-to-aws-using-docker-compose-cs-460-explorecali/src/main/java
[DEBUG] New compile source roots:
  /workspaces/cs460-winter2025-b2-sec01-cs-460-deploy-microservices-to-aws-using-docker-compose-cs-460-explorecali/src/main/java
  /workspaces/cs460-winter2025-b2-sec01-cs-460-deploy-microservices-to-aws-using-docker-compose-cs-460-explorecali/target/generated-sources/annotations
[DEBUG] CompilerReuseStrategy: reuseCreated
[DEBUG] useIncrementalCompilation enabled
[INFO] Nothing to compile - all classes are up to date
[INFO] 
[INFO] --- resources:3.3.1:testResources (default-testResources) @ explorecali-jpa ---
[DEBUG] Loading mojo org.apache.maven.plugins:maven-resources-plugin:3.3.1:testResources from plugin realm ClassRealm[plugin>org.apache.maven.plugins:maven-resources-plugin:3.3.1, parent: java.net.URLClassLoader@76fb509a]
[DEBUG] Configuring mojo execution 'org.apache.maven.plugins:maven-resources-plugin:3.3.1:testResources:default-testResources' with basic configurator -->
[DEBUG]   (f) addDefaultExcludes = true
[DEBUG]   (f) buildFilters = []
[DEBUG]   (s) delimiters = [@]
[DEBUG]   (f) encoding = UTF-8
[DEBUG]   (f) escapeWindowsPaths = true
[DEBUG]   (f) fileNameFiltering = false
[DEBUG]   (s) includeEmptyDirs = false
[DEBUG]   (s) outputDirectory = /workspaces/cs460-winter2025-b2-sec01-cs-460-deploy-microservices-to-aws-using-docker-compose-cs-460-explorecali/target/test-classes
[DEBUG]   (s) overwrite = false
[DEBUG]   (f) project = MavenProject: com.example:explorecali-jpa:3.0.0 @ /workspaces/cs460-winter2025-b2-sec01-cs-460-deploy-microservices-to-aws-using-docker-compose-cs-460-explorecali/pom.xml
[DEBUG]   (f) propertiesEncoding = UTF-8
[DEBUG]   (s) resources = [Resource {targetPath: null, filtering: false, FileSet {directory: /workspaces/cs460-winter2025-b2-sec01-cs-460-deploy-microservices-to-aws-using-docker-compose-cs-460-explorecali/src/test/resources, PatternSet [includes: {}, excludes: {}]}}]
[DEBUG]   (f) session = org.apache.maven.execution.MavenSession@363c4251
[DEBUG]   (f) skip = false
[DEBUG]   (f) supportMultiLineFiltering = false
[DEBUG]   (f) useBuildFilters = true
[DEBUG]   (s) useDefaultDelimiters = false
[DEBUG] -- end configuration --
[DEBUG] properties used:
[DEBUG] activemq.version: 5.18.4
[DEBUG] angus-mail.version: 2.0.3
[DEBUG] artemis.version: 2.31.2
[DEBUG] aspectj.version: 1.9.22
[DEBUG] assertj.version: 3.24.2
[DEBUG] awaitility.version: 4.2.1
[DEBUG] brave.version: 5.16.0
[DEBUG] build-helper-maven-plugin.version: 3.4.0
[DEBUG] byte-buddy.version: 1.14.13
[DEBUG] cache2k.version: 2.6.1.Final
[DEBUG] caffeine.version: 3.1.8
[DEBUG] cassandra-driver.version: 4.17.0
[DEBUG] classmate.version: 1.6.0
[DEBUG] classworlds.conf: /home/vscode/.m2/wrapper/dists/apache-maven-3.9.5-bin/32db9c34/apache-maven-3.9.5/bin/m2.conf
[DEBUG] commons-codec.version: 1.16.1
[DEBUG] commons-dbcp2.version: 2.10.0
[DEBUG] commons-lang3.version: 3.13.0
[DEBUG] commons-pool.version: 1.6
[DEBUG] commons-pool2.version: 2.12.0
[DEBUG] couchbase-client.version: 3.4.11
[DEBUG] crac.version: 1.4.0
[DEBUG] db2-jdbc.version: 11.5.9.0
[DEBUG] dependency-management-plugin.version: 1.1.4
[DEBUG] derby.version: 10.16.1.1
[DEBUG] dropwizard-metrics.version: 4.2.25
[DEBUG] ehcache3.version: 3.10.8
[DEBUG] elasticsearch-client.version: 8.10.4
[DEBUG] env.BROWSER: /vscode/bin/linux-x64/03c265b1adee71ac88f833e065f7bb956b60550a/bin/helpers/browser.sh
[DEBUG] env.CLOUDENV_ENVIRONMENT_ID: fb682874-dafb-4130-a1d8-dbcb42a66815
[DEBUG] env.CODESPACES: true
[DEBUG] env.CODESPACE_NAME: expert-lamp-g44v577q496gc5q9
[DEBUG] env.CODESPACE_VSCODE_FOLDER: /workspaces/cs460-winter2025-b2-sec01-cs-460-deploy-microservices-to-aws-using-docker-compose-cs-460-explorecali
[DEBUG] env.COLORTERM: truecolor
[DEBUG] env.ContainerVersion: 13
[DEBUG] env.DOCKER_BUILDKIT: 1
[DEBUG] env.FEATURE_SPARK_POST_COMMIT_CREATE_ITERATION: true
[DEBUG] env.GITHUB_API_URL: https://api.github.com
[DEBUG] env.GITHUB_CODESPACES_PORT_FORWARDING_DOMAIN: app.github.dev
[DEBUG] env.GITHUB_CODESPACE_TOKEN: BFGJIKJNHQSNENOEV4ZCR6DI6B7TBANCNFSM4AQV7ZRQ
[DEBUG] env.GITHUB_GRAPHQL_URL: https://api.github.com/graphql
[DEBUG] env.GITHUB_REPOSITORY: Ensign-College/cs460-winter2025-b2-sec01-cs-460-deploy-microservices-to-aws-using-docker-compose-cs-460-explorecali
[DEBUG] env.GITHUB_SERVER_URL: https://github.com
[DEBUG] env.GITHUB_TOKEN: ghu_Wx0SZKtunrwcNZQAaaA7mZQV9RQc3Q1IebTx
[DEBUG] env.GITHUB_USER: camiqf1
[DEBUG] env.GIT_ASKPASS: /vscode/bin/linux-x64/03c265b1adee71ac88f833e065f7bb956b60550a/extensions/git/dist/askpass.sh
[DEBUG] env.GIT_EDITOR: code --wait
[DEBUG] env.HOME: /home/vscode
[DEBUG] env.HOSTNAME: codespaces-bb5098
[DEBUG] env.INTERNAL_VSCS_TARGET_URL: https://westus3.online.visualstudio.com
[DEBUG] env.JAVA_HOME: /usr/lib/jvm/msopenjdk-current
[DEBUG] env.LANG: en_US.UTF-8
[DEBUG] env.LESS: -R
[DEBUG] env.LOGNAME: vscode
[DEBUG] env.LSCOLORS: Gxfxcxdxbxegedabagacad
[DEBUG] env.LS_COLORS: rs=0:di=01;34:ln=01;36:mh=00:pi=40;33:so=01;35:do=01;35:bd=40;33;01:cd=40;33;01:or=40;31;01:mi=00:su=37;41:sg=30;43:ca=30;41:tw=30;42:ow=34;42:st=37;44:ex=01;32:*.tar=01;31:*.tgz=01;31:*.arc=01;31:*.arj=01;31:*.taz=01;31:*.lha=01;31:*.lz4=01;31:*.lzh=01;31:*.lzma=01;31:*.tlz=01;31:*.txz=01;31:*.tzo=01;31:*.t7z=01;31:*.zip=01;31:*.z=01;31:*.dz=01;31:*.gz=01;31:*.lrz=01;31:*.lz=01;31:*.lzo=01;31:*.xz=01;31:*.zst=01;31:*.tzst=01;31:*.bz2=01;31:*.bz=01;31:*.tbz=01;31:*.tbz2=01;31:*.tz=01;31:*.deb=01;31:*.rpm=01;31:*.jar=01;31:*.war=01;31:*.ear=01;31:*.sar=01;31:*.rar=01;31:*.alz=01;31:*.ace=01;31:*.zoo=01;31:*.cpio=01;31:*.7z=01;31:*.rz=01;31:*.cab=01;31:*.wim=01;31:*.swm=01;31:*.dwm=01;31:*.esd=01;31:*.jpg=01;35:*.jpeg=01;35:*.mjpg=01;35:*.mjpeg=01;35:*.gif=01;35:*.bmp=01;35:*.pbm=01;35:*.pgm=01;35:*.ppm=01;35:*.tga=01;35:*.xbm=01;35:*.xpm=01;35:*.tif=01;35:*.tiff=01;35:*.png=01;35:*.svg=01;35:*.svgz=01;35:*.mng=01;35:*.pcx=01;35:*.mov=01;35:*.mpg=01;35:*.mpeg=01;35:*.m2v=01;35:*.mkv=01;35:*.webm=01;35:*.webp=01;35:*.ogm=01;35:*.mp4=01;35:*.m4v=01;35:*.mp4v=01;35:*.vob=01;35:*.qt=01;35:*.nuv=01;35:*.wmv=01;35:*.asf=01;35:*.rm=01;35:*.rmvb=01;35:*.flc=01;35:*.avi=01;35:*.fli=01;35:*.flv=01;35:*.gl=01;35:*.dl=01;35:*.xcf=01;35:*.xwd=01;35:*.yuv=01;35:*.cgm=01;35:*.emf=01;35:*.ogv=01;35:*.ogx=01;35:*.aac=00;36:*.au=00;36:*.flac=00;36:*.m4a=00;36:*.mid=00;36:*.midi=00;36:*.mka=00;36:*.mp3=00;36:*.mpc=00;36:*.ogg=00;36:*.ra=00;36:*.wav=00;36:*.oga=00;36:*.opus=00;36:*.spx=00;36:*.xspf=00;36:
[DEBUG] env.MAVEN_CMD_LINE_ARGS:  -e -X spring-boot:run
[DEBUG] env.MAVEN_HOME: /usr/local/sdkman/candidates/maven/current
[DEBUG] env.MAVEN_PROJECTBASEDIR: /workspaces/cs460-winter2025-b2-sec01-cs-460-deploy-microservices-to-aws-using-docker-compose-cs-460-explorecali
[DEBUG] env.NVM_CD_FLAGS: -q
[DEBUG] env.NVM_DIR: /usr/local/share/nvm
[DEBUG] env.NVM_RC_VERSION: 
[DEBUG] env.NVM_SYMLINK_CURRENT: true
[DEBUG] env.OLDPWD: /workspaces/cs460-winter2025-b2-sec01-cs-460-deploy-microservices-to-aws-using-docker-compose-cs-460-explorecali
[DEBUG] env.PAGER: less
[DEBUG] env.PATH: /vscode/bin/linux-x64/03c265b1adee71ac88f833e065f7bb956b60550a/bin/remote-cli:/usr/local/sdkman/bin:/usr/local/sdkman/candidates/java/current/bin:/usr/local/sdkman/candidates/gradle/current/bin:/usr/local/sdkman/candidates/maven/current/bin:/usr/local/sdkman/candidates/ant/current/bin:/usr/local/share/nvm/current/bin:/usr/local/sdkman/bin:/usr/local/sdkman/candidates/java/current/bin:/usr/local/sdkman/candidates/gradle/current/bin:/usr/local/sdkman/candidates/maven/current/bin:/usr/local/sdkman/candidates/ant/current/bin:/usr/lib/jvm/msopenjdk-current/bin:/usr/local/sdkman/bin:/usr/local/sdkman/candidates/java/current/bin:/usr/local/sdkman/candidates/gradle/current/bin:/usr/local/sdkman/candidates/maven/current/bin:/usr/local/sdkman/candidates/ant/current/bin:/usr/local/share/nvm/current/bin:/usr/local/sdkman/bin:/usr/local/sdkman/candidates/java/current/bin:/usr/local/sdkman/candidates/gradle/current/bin:/usr/local/sdkman/candidates/maven/current/bin:/usr/local/sdkman/candidates/ant/current/bin:/usr/lib/jvm/msopenjdk-current/bin:/usr/local/sbin:/usr/local/bin:/usr/sbin:/usr/bin:/sbin:/bin:/home/vscode/.local/bin:/home/vscode/.vscode-remote/data/User/globalStorage/github.copilot-chat/debugCommand
[DEBUG] env.PROMPT_DIRTRIM: 4
[DEBUG] env.PWD: /workspaces/cs460-winter2025-b2-sec01-cs-460-deploy-microservices-to-aws-using-docker-compose-cs-460-explorecali
[DEBUG] env.RepositoryName: cs460-winter2025-b2-sec01-cs-460-deploy-microservices-to-aws-using-docker-compose-cs-460-explorecali
[DEBUG] env.SDKMAN_BROKER_API: https://broker.sdkman.io
[DEBUG] env.SDKMAN_CANDIDATES_API: https://api.sdkman.io/2
[DEBUG] env.SDKMAN_CANDIDATES_DIR: /usr/local/sdkman/candidates
[DEBUG] env.SDKMAN_DIR: /usr/local/sdkman
[DEBUG] env.SDKMAN_PLATFORM: linuxx64
[DEBUG] env.SHELL: /bin/bash
[DEBUG] env.SHELL_LOGGED_IN: true
[DEBUG] env.SHLVL: 2
[DEBUG] env.TERM: xterm-256color
[DEBUG] env.TERM_PROGRAM: vscode
[DEBUG] env.TERM_PROGRAM_VERSION: 1.105.0
[DEBUG] env.USER: vscode
[DEBUG] env.USER_ZDOTDIR: /home/vscode
[DEBUG] env.VSCODE_GIT_ASKPASS_EXTRA_ARGS: 
[DEBUG] env.VSCODE_GIT_ASKPASS_MAIN: /vscode/bin/linux-x64/03c265b1adee71ac88f833e065f7bb956b60550a/extensions/git/dist/askpass-main.js
[DEBUG] env.VSCODE_GIT_ASKPASS_NODE: /vscode/bin/linux-x64/03c265b1adee71ac88f833e065f7bb956b60550a/node
[DEBUG] env.VSCODE_GIT_IPC_HANDLE: /tmp/vscode-git-eefd447ede.sock
[DEBUG] env.VSCODE_INJECTION: 1
[DEBUG] env.VSCODE_IPC_HOOK_CLI: /tmp/vscode-ipc-e5811a50-1784-4a12-99a5-f3887457f2c0.sock
[DEBUG] env.VSCODE_PYTHON_AUTOACTIVATE_GUARD: 1
[DEBUG] env.ZDOTDIR: /home/vscode
[DEBUG] env.ZSH: /home/vscode/.oh-my-zsh
[DEBUG] env._: /workspaces/cs460-winter2025-b2-sec01-cs-460-deploy-microservices-to-aws-using-docker-compose-cs-460-explorecali/./mvnw
[DEBUG] file.encoding: UTF-8
[DEBUG] file.separator: /
[DEBUG] flyway.version: 9.22.3
[DEBUG] freemarker.version: 2.3.32
[DEBUG] git-commit-id-maven-plugin.version: 6.0.0
[DEBUG] glassfish-jaxb.version: 4.0.5
[DEBUG] glassfish-jstl.version: 3.0.1
[DEBUG] graphql-java.version: 21.4
[DEBUG] groovy.version: 4.0.21
[DEBUG] gson.version: 2.10.1
[DEBUG] h2.version: 2.2.224
[DEBUG] hamcrest.version: 2.2
[DEBUG] hazelcast.version: 5.3.7
[DEBUG] hibernate-validator.version: 8.0.1.Final
[DEBUG] hibernate.version: 6.4.4.Final
[DEBUG] hikaricp.version: 5.0.1
[DEBUG] hsqldb.version: 2.7.2
[DEBUG] htmlunit.version: 2.70.0
[DEBUG] httpasyncclient.version: 4.1.5
[DEBUG] httpclient5.version: 5.2.3
[DEBUG] httpcore.version: 4.4.16
[DEBUG] httpcore5.version: 5.2.4
[DEBUG] infinispan.version: 14.0.27.Final
[DEBUG] influxdb-java.version: 2.23
[DEBUG] jackson-bom.version: 2.15.4
[DEBUG] jakarta-activation.version: 2.1.3
[DEBUG] jakarta-annotation.version: 2.1.1
[DEBUG] jakarta-jms.version: 3.1.0
[DEBUG] jakarta-json-bind.version: 3.0.1
[DEBUG] jakarta-json.version: 2.1.3
[DEBUG] jakarta-mail.version: 2.1.3
[DEBUG] jakarta-management.version: 1.1.4
[DEBUG] jakarta-persistence.version: 3.1.0
[DEBUG] jakarta-servlet-jsp-jstl.version: 3.0.0
[DEBUG] jakarta-servlet.version: 6.0.0
[DEBUG] jakarta-transaction.version: 2.0.1
[DEBUG] jakarta-validation.version: 3.0.2
[DEBUG] jakarta-websocket.version: 2.1.1
[DEBUG] jakarta-ws-rs.version: 3.1.0
[DEBUG] jakarta-xml-bind.version: 4.0.2
[DEBUG] jakarta-xml-soap.version: 3.0.1
[DEBUG] jakarta-xml-ws.version: 4.0.1
[DEBUG] janino.version: 3.1.12
[DEBUG] java.class.path: /workspaces/cs460-winter2025-b2-sec01-cs-460-deploy-microservices-to-aws-using-docker-compose-cs-460-explorecali/.mvn/wrapper/maven-wrapper.jar
[DEBUG] java.class.version: 65.0
[DEBUG] java.home: /usr/lib/jvm/msopenjdk-current
[DEBUG] java.io.tmpdir: /tmp
[DEBUG] java.library.path: /usr/java/packages/lib:/usr/lib64:/lib64:/lib:/usr/lib
[DEBUG] java.runtime.name: OpenJDK Runtime Environment
[DEBUG] java.runtime.version: 21.0.8+9-LTS
[DEBUG] java.specification.name: Java Platform API Specification
[DEBUG] java.specification.vendor: Oracle Corporation
[DEBUG] java.specification.version: 21
[DEBUG] java.vendor: Microsoft
[DEBUG] java.vendor.url: https://www.microsoft.com
[DEBUG] java.vendor.url.bug: https://github.com/microsoft/openjdk/issues
[DEBUG] java.vendor.version: Microsoft-11933203
[DEBUG] java.version: 21.0.8
[DEBUG] java.version.date: 2025-07-15
[DEBUG] java.vm.compressedOopsMode: 32-bit
[DEBUG] java.vm.info: mixed mode, sharing
[DEBUG] java.vm.name: OpenJDK 64-Bit Server VM
[DEBUG] java.vm.specification.name: Java Virtual Machine Specification
[DEBUG] java.vm.specification.vendor: Oracle Corporation
[DEBUG] java.vm.specification.version: 21
[DEBUG] java.vm.vendor: Microsoft
[DEBUG] java.vm.version: 21.0.8+9-LTS
[DEBUG] javax-cache.version: 1.1.1
[DEBUG] javax-money.version: 1.1
[DEBUG] jaxen.version: 2.0.0
[DEBUG] jaybird.version: 5.0.4.java11
[DEBUG] jboss-logging.version: 3.5.3.Final
[DEBUG] jdk.debug: release
[DEBUG] jdom2.version: 2.0.6.1
[DEBUG] jedis.version: 5.0.2
[DEBUG] jersey.version: 3.1.6
[DEBUG] jetty-reactive-httpclient.version: 4.0.3
[DEBUG] jetty.version: 12.0.8
[DEBUG] jmustache.version: 1.15
[DEBUG] jooq.version: 3.18.14
[DEBUG] json-path.version: 2.9.0
[DEBUG] json-smart.version: 2.5.1
[DEBUG] jsonassert.version: 1.5.1
[DEBUG] jtds.version: 1.3.1
[DEBUG] junit-jupiter.version: 5.10.2
[DEBUG] junit.version: 4.13.2
[DEBUG] kafka.version: 3.6.2
[DEBUG] kotlin-coroutines.version: 1.7.3
[DEBUG] kotlin-serialization.version: 1.6.3
[DEBUG] kotlin.version: 1.9.23
[DEBUG] lettuce.version: 6.3.2.RELEASE
[DEBUG] line.separator: 

[DEBUG] liquibase.version: 4.24.0
[DEBUG] log4j2.version: 2.21.1
[DEBUG] logback.version: 1.4.14
[DEBUG] lombok.version: 1.18.32
[DEBUG] mariadb.version: 3.3.3
[DEBUG] maven-antrun-plugin.version: 3.1.0
[DEBUG] maven-assembly-plugin.version: 3.6.0
[DEBUG] maven-clean-plugin.version: 3.3.2
[DEBUG] maven-compiler-plugin.version: 3.11.0
[DEBUG] maven-dependency-plugin.version: 3.6.1
[DEBUG] maven-deploy-plugin.version: 3.1.1
[DEBUG] maven-enforcer-plugin.version: 3.4.1
[DEBUG] maven-failsafe-plugin.version: 3.1.2
[DEBUG] maven-help-plugin.version: 3.4.0
[DEBUG] maven-install-plugin.version: 3.1.1
[DEBUG] maven-invoker-plugin.version: 3.6.1
[DEBUG] maven-jar-plugin.version: 3.3.0
[DEBUG] maven-javadoc-plugin.version: 3.6.3
[DEBUG] maven-resources-plugin.version: 3.3.1
[DEBUG] maven-shade-plugin.version: 3.5.2
[DEBUG] maven-source-plugin.version: 3.3.1
[DEBUG] maven-surefire-plugin.version: 3.1.2
[DEBUG] maven-war-plugin.version: 3.4.0
[DEBUG] maven.build.timestamp: 2025-10-15T18:39:28Z
[DEBUG] maven.build.version: Apache Maven 3.9.5 (57804ffe001d7215b5e7bcb531cf83df38f93546)
[DEBUG] maven.compiler.release: 21
[DEBUG] maven.conf: /home/vscode/.m2/wrapper/dists/apache-maven-3.9.5-bin/32db9c34/apache-maven-3.9.5/conf
[DEBUG] maven.home: /home/vscode/.m2/wrapper/dists/apache-maven-3.9.5-bin/32db9c34/apache-maven-3.9.5
[DEBUG] maven.multiModuleProjectDirectory: /workspaces/cs460-winter2025-b2-sec01-cs-460-deploy-microservices-to-aws-using-docker-compose-cs-460-explorecali
[DEBUG] maven.version: 3.9.5
[DEBUG] micrometer-tracing.version: 1.2.5
[DEBUG] micrometer.version: 1.12.5
[DEBUG] mockito.version: 5.7.0
[DEBUG] mongodb.version: 4.11.2
[DEBUG] mssql-jdbc.version: 12.4.2.jre11
[DEBUG] mysql.version: 8.3.0
[DEBUG] native-build-tools-plugin.version: 0.9.28
[DEBUG] native.encoding: UTF-8
[DEBUG] nekohtml.version: 1.9.22
[DEBUG] neo4j-java-driver.version: 5.19.0
[DEBUG] netty.version: 4.1.109.Final
[DEBUG] okhttp.version: 4.12.0
[DEBUG] opentelemetry.version: 1.31.0
[DEBUG] oracle-database.version: 21.9.0.0
[DEBUG] oracle-r2dbc.version: 1.1.1
[DEBUG] os.arch: amd64
[DEBUG] os.name: Linux
[DEBUG] os.version: 6.8.0-1030-azure
[DEBUG] path.separator: :
[DEBUG] pooled-jms.version: 3.1.5
[DEBUG] postgresql.version: 42.6.2
[DEBUG] project.baseUri: file:/workspaces/cs460-winter2025-b2-sec01-cs-460-deploy-microservices-to-aws-using-docker-compose-cs-460-explorecali/
[DEBUG] project.build.sourceEncoding: UTF-8
[DEBUG] project.reporting.outputEncoding: UTF-8
[DEBUG] prometheus-client.version: 0.16.0
[DEBUG] pulsar-reactive.version: 0.5.4
[DEBUG] pulsar.version: 3.1.3
[DEBUG] quartz.version: 2.3.2
[DEBUG] querydsl.version: 5.0.0
[DEBUG] r2dbc-h2.version: 1.0.0.RELEASE
[DEBUG] r2dbc-mariadb.version: 1.1.4
[DEBUG] r2dbc-mssql.version: 1.0.2.RELEASE
[DEBUG] r2dbc-mysql.version: 1.0.6
[DEBUG] r2dbc-pool.version: 1.0.1.RELEASE
[DEBUG] r2dbc-postgresql.version: 1.0.5.RELEASE
[DEBUG] r2dbc-proxy.version: 1.1.4.RELEASE
[DEBUG] r2dbc-spi.version: 1.0.0.RELEASE
[DEBUG] rabbit-amqp-client.version: 5.19.0
[DEBUG] rabbit-stream-client.version: 0.14.0
[DEBUG] reactive-streams.version: 1.0.4
[DEBUG] reactor-bom.version: 2023.0.5
[DEBUG] resource.delimiter: @
[DEBUG] rest-assured.version: 5.3.2
[DEBUG] rsocket.version: 1.1.3
[DEBUG] rxjava3.version: 3.1.8
[DEBUG] saaj-impl.version: 3.0.3
[DEBUG] selenium-htmlunit.version: 4.13.0
[DEBUG] selenium.version: 4.14.1
[DEBUG] sendgrid.version: 4.9.3
[DEBUG] slf4j.version: 2.0.13
[DEBUG] snakeyaml.version: 2.2
[DEBUG] spring-amqp.version: 3.1.4
[DEBUG] spring-authorization-server.version: 1.2.4
[DEBUG] spring-batch.version: 5.1.1
[DEBUG] spring-data-bom.version: 2023.1.5
[DEBUG] spring-framework.version: 6.1.6
[DEBUG] spring-graphql.version: 1.2.6
[DEBUG] spring-hateoas.version: 2.2.2
[DEBUG] spring-integration.version: 6.2.4
[DEBUG] spring-kafka.version: 3.1.4
[DEBUG] spring-ldap.version: 3.2.3
[DEBUG] spring-pulsar.version: 1.0.5
[DEBUG] spring-restdocs.version: 3.0.1
[DEBUG] spring-retry.version: 2.0.5
[DEBUG] spring-security.version: 6.2.4
[DEBUG] spring-session.version: 3.2.2
[DEBUG] spring-ws.version: 4.0.10
[DEBUG] sqlite-jdbc.version: 3.43.2.0
[DEBUG] start-class: com.example.explorecalijpa.ExplorecaliJpaApplication
[DEBUG] stderr.encoding: UTF-8
[DEBUG] stdout.encoding: UTF-8
[DEBUG] sun.arch.data.model: 64
[DEBUG] sun.boot.library.path: /usr/lib/jvm/msopenjdk-current/lib
[DEBUG] sun.cpu.endian: little
[DEBUG] sun.io.unicode.encoding: UnicodeLittle
[DEBUG] sun.java.command: org.apache.maven.wrapper.MavenWrapperMain -e -X spring-boot:run
[DEBUG] sun.java.launcher: SUN_STANDARD
[DEBUG] sun.jnu.encoding: UTF-8
[DEBUG] sun.management.compiler: HotSpot 64-Bit Tiered Compilers
[DEBUG] testcontainers.version: 1.19.7
[DEBUG] thymeleaf-extras-data-attribute.version: 2.0.1
[DEBUG] thymeleaf-extras-springsecurity.version: 3.1.2.RELEASE
[DEBUG] thymeleaf-layout-dialect.version: 3.3.0
[DEBUG] thymeleaf.version: 3.1.2.RELEASE
[DEBUG] tomcat.version: 10.1.20
[DEBUG] unboundid-ldapsdk.version: 6.0.11
[DEBUG] undertow.version: 2.3.12.Final
[DEBUG] user.country: US
[DEBUG] user.dir: /workspaces/cs460-winter2025-b2-sec01-cs-460-deploy-microservices-to-aws-using-docker-compose-cs-460-explorecali
[DEBUG] user.home: /home/vscode
[DEBUG] user.language: en
[DEBUG] user.name: vscode
[DEBUG] versions-maven-plugin.version: 2.16.2
[DEBUG] webjars-locator-core.version: 0.55
[DEBUG] wsdl4j.version: 1.6.3
[DEBUG] xml-maven-plugin.version: 1.1.0
[DEBUG] xmlunit2.version: 2.9.1
[DEBUG] yasson.version: 3.0.3
[DEBUG] Using 'UTF-8' encoding to copy filtered resources.
[DEBUG] Using 'UTF-8' encoding to copy filtered properties files.
[DEBUG] resource with targetPath null
directory /workspaces/cs460-winter2025-b2-sec01-cs-460-deploy-microservices-to-aws-using-docker-compose-cs-460-explorecali/src/test/resources
excludes []
includes []
[INFO] skip non existing resourceDirectory /workspaces/cs460-winter2025-b2-sec01-cs-460-deploy-microservices-to-aws-using-docker-compose-cs-460-explorecali/src/test/resources
[DEBUG] no user filter components
[INFO] 
[INFO] --- compiler:3.11.0:testCompile (default-testCompile) @ explorecali-jpa ---
[DEBUG] Loading mojo org.apache.maven.plugins:maven-compiler-plugin:3.11.0:testCompile from plugin realm ClassRealm[plugin>org.apache.maven.plugins:maven-compiler-plugin:3.11.0, parent: java.net.URLClassLoader@76fb509a]
[DEBUG] Configuring mojo execution 'org.apache.maven.plugins:maven-compiler-plugin:3.11.0:testCompile:default-testCompile' with basic configurator -->
[DEBUG]   (f) basedir = /workspaces/cs460-winter2025-b2-sec01-cs-460-deploy-microservices-to-aws-using-docker-compose-cs-460-explorecali
[DEBUG]   (f) buildDirectory = /workspaces/cs460-winter2025-b2-sec01-cs-460-deploy-microservices-to-aws-using-docker-compose-cs-460-explorecali/target
[DEBUG]   (f) compileSourceRoots = [/workspaces/cs460-winter2025-b2-sec01-cs-460-deploy-microservices-to-aws-using-docker-compose-cs-460-explorecali/src/test/java]
[DEBUG]   (f) compilerId = javac
[DEBUG]   (f) createMissingPackageInfoClass = true
[DEBUG]   (f) debug = true
[DEBUG]   (f) debugFileName = javac-test
[DEBUG]   (f) enablePreview = false
[DEBUG]   (f) encoding = UTF-8
[DEBUG]   (f) failOnError = true
[DEBUG]   (f) failOnWarning = false
[DEBUG]   (f) forceJavacCompilerUse = false
[DEBUG]   (f) fork = false
[DEBUG]   (f) generatedTestSourcesDirectory = /workspaces/cs460-winter2025-b2-sec01-cs-460-deploy-microservices-to-aws-using-docker-compose-cs-460-explorecali/target/generated-test-sources/test-annotations
[DEBUG]   (f) mojoExecution = org.apache.maven.plugins:maven-compiler-plugin:3.11.0:testCompile {execution: default-testCompile}
[DEBUG]   (f) optimize = false
[DEBUG]   (f) outputDirectory = /workspaces/cs460-winter2025-b2-sec01-cs-460-deploy-microservices-to-aws-using-docker-compose-cs-460-explorecali/target/test-classes
[DEBUG]   (f) parameters = true
[DEBUG]   (f) project = MavenProject: com.example:explorecali-jpa:3.0.0 @ /workspaces/cs460-winter2025-b2-sec01-cs-460-deploy-microservices-to-aws-using-docker-compose-cs-460-explorecali/pom.xml
[DEBUG]   (s) release = 21
[DEBUG]   (f) session = org.apache.maven.execution.MavenSession@363c4251
[DEBUG]   (f) showCompilationChanges = false
[DEBUG]   (f) showDeprecation = false
[DEBUG]   (f) showWarnings = true
[DEBUG]   (f) skipMultiThreadWarning = false
[DEBUG]   (f) source = 1.8
[DEBUG]   (f) staleMillis = 0
[DEBUG]   (s) target = 1.8
[DEBUG]   (f) testPath = [/workspaces/cs460-winter2025-b2-sec01-cs-460-deploy-microservices-to-aws-using-docker-compose-cs-460-explorecali/target/test-classes, /workspaces/cs460-winter2025-b2-sec01-cs-460-deploy-microservices-to-aws-using-docker-compose-cs-460-explorecali/target/classes, /home/vscode/.m2/repository/org/springframework/boot/spring-boot-starter-data-jpa/3.2.5/spring-boot-starter-data-jpa-3.2.5.jar, /home/vscode/.m2/repository/org/springframework/boot/spring-boot-starter-aop/3.2.5/spring-boot-starter-aop-3.2.5.jar, /home/vscode/.m2/repository/org/aspectj/aspectjweaver/1.9.22/aspectjweaver-1.9.22.jar, /home/vscode/.m2/repository/org/springframework/boot/spring-boot-starter-jdbc/3.2.5/spring-boot-starter-jdbc-3.2.5.jar, /home/vscode/.m2/repository/com/zaxxer/HikariCP/5.0.1/HikariCP-5.0.1.jar, /home/vscode/.m2/repository/org/springframework/spring-jdbc/6.1.6/spring-jdbc-6.1.6.jar, /home/vscode/.m2/repository/org/hibernate/orm/hibernate-core/6.4.4.Final/hibernate-core-6.4.4.Final.jar, /home/vscode/.m2/repository/jakarta/persistence/jakarta.persistence-api/3.1.0/jakarta.persistence-api-3.1.0.jar, /home/vscode/.m2/repository/jakarta/transaction/jakarta.transaction-api/2.0.1/jakarta.transaction-api-2.0.1.jar, /home/vscode/.m2/repository/org/jboss/logging/jboss-logging/3.5.3.Final/jboss-logging-3.5.3.Final.jar, /home/vscode/.m2/repository/org/hibernate/common/hibernate-commons-annotations/6.0.6.Final/hibernate-commons-annotations-6.0.6.Final.jar, /home/vscode/.m2/repository/io/smallrye/jandex/3.1.2/jandex-3.1.2.jar, /home/vscode/.m2/repository/com/fasterxml/classmate/1.6.0/classmate-1.6.0.jar, /home/vscode/.m2/repository/net/bytebuddy/byte-buddy/1.14.13/byte-buddy-1.14.13.jar, /home/vscode/.m2/repository/org/glassfish/jaxb/jaxb-runtime/4.0.5/jaxb-runtime-4.0.5.jar, /home/vscode/.m2/repository/org/glassfish/jaxb/jaxb-core/4.0.5/jaxb-core-4.0.5.jar, /home/vscode/.m2/repository/org/eclipse/angus/angus-activation/2.0.2/angus-activation-2.0.2.jar, /home/vscode/.m2/repository/org/glassfish/jaxb/txw2/4.0.5/txw2-4.0.5.jar, /home/vscode/.m2/repository/com/sun/istack/istack-commons-runtime/4.1.2/istack-commons-runtime-4.1.2.jar, /home/vscode/.m2/repository/jakarta/inject/jakarta.inject-api/2.0.1/jakarta.inject-api-2.0.1.jar, /home/vscode/.m2/repository/org/antlr/antlr4-runtime/4.13.0/antlr4-runtime-4.13.0.jar, /home/vscode/.m2/repository/org/springframework/data/spring-data-jpa/3.2.5/spring-data-jpa-3.2.5.jar, /home/vscode/.m2/repository/org/springframework/data/spring-data-commons/3.2.5/spring-data-commons-3.2.5.jar, /home/vscode/.m2/repository/org/springframework/spring-orm/6.1.6/spring-orm-6.1.6.jar, /home/vscode/.m2/repository/org/springframework/spring-context/6.1.6/spring-context-6.1.6.jar, /home/vscode/.m2/repository/org/springframework/spring-tx/6.1.6/spring-tx-6.1.6.jar, /home/vscode/.m2/repository/org/springframework/spring-beans/6.1.6/spring-beans-6.1.6.jar, /home/vscode/.m2/repository/jakarta/annotation/jakarta.annotation-api/2.1.1/jakarta.annotation-api-2.1.1.jar, /home/vscode/.m2/repository/org/springframework/spring-aspects/6.1.6/spring-aspects-6.1.6.jar, /home/vscode/.m2/repository/org/springframework/boot/spring-boot-starter-data-rest/3.2.5/spring-boot-starter-data-rest-3.2.5.jar, /home/vscode/.m2/repository/org/springframework/data/spring-data-rest-webmvc/4.2.5/spring-data-rest-webmvc-4.2.5.jar, /home/vscode/.m2/repository/org/springframework/data/spring-data-rest-core/4.2.5/spring-data-rest-core-4.2.5.jar, /home/vscode/.m2/repository/org/springframework/hateoas/spring-hateoas/2.2.2/spring-hateoas-2.2.2.jar, /home/vscode/.m2/repository/org/springframework/plugin/spring-plugin-core/3.0.0/spring-plugin-core-3.0.0.jar, /home/vscode/.m2/repository/org/atteo/evo-inflector/1.3/evo-inflector-1.3.jar, /home/vscode/.m2/repository/com/fasterxml/jackson/core/jackson-annotations/2.15.4/jackson-annotations-2.15.4.jar, /home/vscode/.m2/repository/org/springframework/boot/spring-boot-starter-web/3.2.5/spring-boot-starter-web-3.2.5.jar, /home/vscode/.m2/repository/org/springframework/boot/spring-boot-starter/3.2.5/spring-boot-starter-3.2.5.jar, /home/vscode/.m2/repository/org/springframework/boot/spring-boot-autoconfigure/3.2.5/spring-boot-autoconfigure-3.2.5.jar, /home/vscode/.m2/repository/org/springframework/boot/spring-boot-starter-logging/3.2.5/spring-boot-starter-logging-3.2.5.jar, /home/vscode/.m2/repository/ch/qos/logback/logback-classic/1.4.14/logback-classic-1.4.14.jar, /home/vscode/.m2/repository/ch/qos/logback/logback-core/1.4.14/logback-core-1.4.14.jar, /home/vscode/.m2/repository/org/apache/logging/log4j/log4j-to-slf4j/2.21.1/log4j-to-slf4j-2.21.1.jar, /home/vscode/.m2/repository/org/apache/logging/log4j/log4j-api/2.21.1/log4j-api-2.21.1.jar, /home/vscode/.m2/repository/org/slf4j/jul-to-slf4j/2.0.13/jul-to-slf4j-2.0.13.jar, /home/vscode/.m2/repository/org/yaml/snakeyaml/2.2/snakeyaml-2.2.jar, /home/vscode/.m2/repository/org/springframework/boot/spring-boot-starter-json/3.2.5/spring-boot-starter-json-3.2.5.jar, /home/vscode/.m2/repository/com/fasterxml/jackson/datatype/jackson-datatype-jdk8/2.15.4/jackson-datatype-jdk8-2.15.4.jar, /home/vscode/.m2/repository/com/fasterxml/jackson/datatype/jackson-datatype-jsr310/2.15.4/jackson-datatype-jsr310-2.15.4.jar, /home/vscode/.m2/repository/org/springframework/boot/spring-boot-starter-tomcat/3.2.5/spring-boot-starter-tomcat-3.2.5.jar, /home/vscode/.m2/repository/org/apache/tomcat/embed/tomcat-embed-core/10.1.20/tomcat-embed-core-10.1.20.jar, /home/vscode/.m2/repository/org/apache/tomcat/embed/tomcat-embed-websocket/10.1.20/tomcat-embed-websocket-10.1.20.jar, /home/vscode/.m2/repository/org/springframework/spring-web/6.1.6/spring-web-6.1.6.jar, /home/vscode/.m2/repository/org/springframework/spring-webmvc/6.1.6/spring-webmvc-6.1.6.jar, /home/vscode/.m2/repository/org/springframework/spring-expression/6.1.6/spring-expression-6.1.6.jar, /home/vscode/.m2/repository/org/springframework/boot/spring-boot-starter-security/3.2.5/spring-boot-starter-security-3.2.5.jar, /home/vscode/.m2/repository/org/springframework/spring-aop/6.1.6/spring-aop-6.1.6.jar, /home/vscode/.m2/repository/org/springframework/security/spring-security-config/6.2.4/spring-security-config-6.2.4.jar, /home/vscode/.m2/repository/org/springframework/security/spring-security-web/6.2.4/spring-security-web-6.2.4.jar, /home/vscode/.m2/repository/org/springframework/boot/spring-boot-starter-validation/3.2.5/spring-boot-starter-validation-3.2.5.jar, /home/vscode/.m2/repository/org/apache/tomcat/embed/tomcat-embed-el/10.1.20/tomcat-embed-el-10.1.20.jar, /home/vscode/.m2/repository/org/hibernate/validator/hibernate-validator/8.0.1.Final/hibernate-validator-8.0.1.Final.jar, /home/vscode/.m2/repository/jakarta/validation/jakarta.validation-api/3.0.2/jakarta.validation-api-3.0.2.jar, /home/vscode/.m2/repository/org/springframework/boot/spring-boot-starter-actuator/3.2.5/spring-boot-starter-actuator-3.2.5.jar, /home/vscode/.m2/repository/org/springframework/boot/spring-boot-actuator-autoconfigure/3.2.5/spring-boot-actuator-autoconfigure-3.2.5.jar, /home/vscode/.m2/repository/org/springframework/boot/spring-boot-actuator/3.2.5/spring-boot-actuator-3.2.5.jar, /home/vscode/.m2/repository/io/micrometer/micrometer-observation/1.12.5/micrometer-observation-1.12.5.jar, /home/vscode/.m2/repository/io/micrometer/micrometer-commons/1.12.5/micrometer-commons-1.12.5.jar, /home/vscode/.m2/repository/io/micrometer/micrometer-jakarta9/1.12.5/micrometer-jakarta9-1.12.5.jar, /home/vscode/.m2/repository/io/micrometer/micrometer-core/1.12.5/micrometer-core-1.12.5.jar, /home/vscode/.m2/repository/org/hdrhistogram/HdrHistogram/2.1.12/HdrHistogram-2.1.12.jar, /home/vscode/.m2/repository/org/latencyutils/LatencyUtils/2.0.3/LatencyUtils-2.0.3.jar, /home/vscode/.m2/repository/org/springframework/boot/spring-boot-starter-cache/3.2.5/spring-boot-starter-cache-3.2.5.jar, /home/vscode/.m2/repository/org/springframework/spring-context-support/6.1.6/spring-context-support-6.1.6.jar, /home/vscode/.m2/repository/com/github/ben-manes/caffeine/caffeine/3.1.8/caffeine-3.1.8.jar, /home/vscode/.m2/repository/org/checkerframework/checker-qual/3.37.0/checker-qual-3.37.0.jar, /home/vscode/.m2/repository/com/google/errorprone/error_prone_annotations/2.21.1/error_prone_annotations-2.21.1.jar, /home/vscode/.m2/repository/com/h2database/h2/2.2.224/h2-2.2.224.jar, /home/vscode/.m2/repository/com/mysql/mysql-connector-j/8.3.0/mysql-connector-j-8.3.0.jar, /home/vscode/.m2/repository/org/flywaydb/flyway-core/9.22.3/flyway-core-9.22.3.jar, /home/vscode/.m2/repository/com/fasterxml/jackson/dataformat/jackson-dataformat-toml/2.15.4/jackson-dataformat-toml-2.15.4.jar, /home/vscode/.m2/repository/com/fasterxml/jackson/core/jackson-core/2.15.4/jackson-core-2.15.4.jar, /home/vscode/.m2/repository/com/google/code/gson/gson/2.10.1/gson-2.10.1.jar, /home/vscode/.m2/repository/org/flywaydb/flyway-mysql/9.22.3/flyway-mysql-9.22.3.jar, /home/vscode/.m2/repository/org/springframework/boot/spring-boot-docker-compose/3.2.5/spring-boot-docker-compose-3.2.5.jar, /home/vscode/.m2/repository/org/springframework/boot/spring-boot/3.2.5/spring-boot-3.2.5.jar, /home/vscode/.m2/repository/com/fasterxml/jackson/core/jackson-databind/2.15.4/jackson-databind-2.15.4.jar, /home/vscode/.m2/repository/com/fasterxml/jackson/module/jackson-module-parameter-names/2.15.4/jackson-module-parameter-names-2.15.4.jar, /home/vscode/.m2/repository/org/springdoc/springdoc-openapi-starter-webmvc-ui/2.5.0/springdoc-openapi-starter-webmvc-ui-2.5.0.jar, /home/vscode/.m2/repository/org/springdoc/springdoc-openapi-starter-webmvc-api/2.5.0/springdoc-openapi-starter-webmvc-api-2.5.0.jar, /home/vscode/.m2/repository/org/springdoc/springdoc-openapi-starter-common/2.5.0/springdoc-openapi-starter-common-2.5.0.jar, /home/vscode/.m2/repository/io/swagger/core/v3/swagger-core-jakarta/2.2.21/swagger-core-jakarta-2.2.21.jar, /home/vscode/.m2/repository/org/apache/commons/commons-lang3/3.13.0/commons-lang3-3.13.0.jar, /home/vscode/.m2/repository/io/swagger/core/v3/swagger-annotations-jakarta/2.2.21/swagger-annotations-jakarta-2.2.21.jar, /home/vscode/.m2/repository/io/swagger/core/v3/swagger-models-jakarta/2.2.21/swagger-models-jakarta-2.2.21.jar, /home/vscode/.m2/repository/com/fasterxml/jackson/dataformat/jackson-dataformat-yaml/2.15.4/jackson-dataformat-yaml-2.15.4.jar, /home/vscode/.m2/repository/org/webjars/swagger-ui/5.13.0/swagger-ui-5.13.0.jar, /home/vscode/.m2/repository/org/projectlombok/lombok/1.18.32/lombok-1.18.32.jar, /home/vscode/.m2/repository/org/springframework/boot/spring-boot-starter-test/3.2.5/spring-boot-starter-test-3.2.5.jar, /home/vscode/.m2/repository/org/springframework/boot/spring-boot-test/3.2.5/spring-boot-test-3.2.5.jar, /home/vscode/.m2/repository/org/springframework/boot/spring-boot-test-autoconfigure/3.2.5/spring-boot-test-autoconfigure-3.2.5.jar, /home/vscode/.m2/repository/com/jayway/jsonpath/json-path/2.9.0/json-path-2.9.0.jar, /home/vscode/.m2/repository/jakarta/xml/bind/jakarta.xml.bind-api/4.0.2/jakarta.xml.bind-api-4.0.2.jar, /home/vscode/.m2/repository/jakarta/activation/jakarta.activation-api/2.1.3/jakarta.activation-api-2.1.3.jar, /home/vscode/.m2/repository/net/minidev/json-smart/2.5.1/json-smart-2.5.1.jar, /home/vscode/.m2/repository/net/minidev/accessors-smart/2.5.1/accessors-smart-2.5.1.jar, /home/vscode/.m2/repository/org/ow2/asm/asm/9.6/asm-9.6.jar, /home/vscode/.m2/repository/org/assertj/assertj-core/3.24.2/assertj-core-3.24.2.jar, /home/vscode/.m2/repository/org/awaitility/awaitility/4.2.1/awaitility-4.2.1.jar, /home/vscode/.m2/repository/org/hamcrest/hamcrest/2.2/hamcrest-2.2.jar, /home/vscode/.m2/repository/org/junit/jupiter/junit-jupiter/5.10.2/junit-jupiter-5.10.2.jar, /home/vscode/.m2/repository/org/junit/jupiter/junit-jupiter-api/5.10.2/junit-jupiter-api-5.10.2.jar, /home/vscode/.m2/repository/org/opentest4j/opentest4j/1.3.0/opentest4j-1.3.0.jar, /home/vscode/.m2/repository/org/junit/platform/junit-platform-commons/1.10.2/junit-platform-commons-1.10.2.jar, /home/vscode/.m2/repository/org/apiguardian/apiguardian-api/1.1.2/apiguardian-api-1.1.2.jar, /home/vscode/.m2/repository/org/junit/jupiter/junit-jupiter-params/5.10.2/junit-jupiter-params-5.10.2.jar, /home/vscode/.m2/repository/org/junit/jupiter/junit-jupiter-engine/5.10.2/junit-jupiter-engine-5.10.2.jar, /home/vscode/.m2/repository/org/junit/platform/junit-platform-engine/1.10.2/junit-platform-engine-1.10.2.jar, /home/vscode/.m2/repository/org/mockito/mockito-core/5.7.0/mockito-core-5.7.0.jar, /home/vscode/.m2/repository/net/bytebuddy/byte-buddy-agent/1.14.13/byte-buddy-agent-1.14.13.jar, /home/vscode/.m2/repository/org/objenesis/objenesis/3.3/objenesis-3.3.jar, /home/vscode/.m2/repository/org/mockito/mockito-junit-jupiter/5.7.0/mockito-junit-jupiter-5.7.0.jar, /home/vscode/.m2/repository/org/skyscreamer/jsonassert/1.5.1/jsonassert-1.5.1.jar, /home/vscode/.m2/repository/com/vaadin/external/google/android-json/0.0.20131108.vaadin1/android-json-0.0.20131108.vaadin1.jar, /home/vscode/.m2/repository/org/springframework/spring-core/6.1.6/spring-core-6.1.6.jar, /home/vscode/.m2/repository/org/springframework/spring-jcl/6.1.6/spring-jcl-6.1.6.jar, /home/vscode/.m2/repository/org/springframework/spring-test/6.1.6/spring-test-6.1.6.jar, /home/vscode/.m2/repository/org/xmlunit/xmlunit-core/2.9.1/xmlunit-core-2.9.1.jar, /home/vscode/.m2/repository/org/springframework/security/spring-security-test/6.2.4/spring-security-test-6.2.4.jar, /home/vscode/.m2/repository/org/springframework/security/spring-security-core/6.2.4/spring-security-core-6.2.4.jar, /home/vscode/.m2/repository/org/springframework/security/spring-security-crypto/6.2.4/spring-security-crypto-6.2.4.jar, /home/vscode/.m2/repository/org/apache/httpcomponents/client5/httpclient5/5.2.1/httpclient5-5.2.1.jar, /home/vscode/.m2/repository/org/apache/httpcomponents/core5/httpcore5/5.2.4/httpcore5-5.2.4.jar, /home/vscode/.m2/repository/org/apache/httpcomponents/core5/httpcore5-h2/5.2.4/httpcore5-h2-5.2.4.jar, /home/vscode/.m2/repository/org/slf4j/slf4j-api/2.0.13/slf4j-api-2.0.13.jar]
[DEBUG]   (f) useIncrementalCompilation = true
[DEBUG]   (f) useModulePath = true
[DEBUG]   (f) verbose = false
[DEBUG] -- end configuration --
[DEBUG] Using compiler 'javac'.
[DEBUG] Adding /workspaces/cs460-winter2025-b2-sec01-cs-460-deploy-microservices-to-aws-using-docker-compose-cs-460-explorecali/target/generated-test-sources/test-annotations to test-compile source roots:
  /workspaces/cs460-winter2025-b2-sec01-cs-460-deploy-microservices-to-aws-using-docker-compose-cs-460-explorecali/src/test/java
[DEBUG] New test-compile source roots:
  /workspaces/cs460-winter2025-b2-sec01-cs-460-deploy-microservices-to-aws-using-docker-compose-cs-460-explorecali/src/test/java
  /workspaces/cs460-winter2025-b2-sec01-cs-460-deploy-microservices-to-aws-using-docker-compose-cs-460-explorecali/target/generated-test-sources/test-annotations
[DEBUG] CompilerReuseStrategy: reuseCreated
[DEBUG] useIncrementalCompilation enabled
[INFO] Nothing to compile - all classes are up to date
[INFO] 
[INFO] <<< spring-boot:3.2.5:run (default-cli) < test-compile @ explorecali-jpa <<<
[INFO] 
[INFO] 
[INFO] --- spring-boot:3.2.5:run (default-cli) @ explorecali-jpa ---
[DEBUG] Dependency collection stats {ConflictMarker.analyzeTime=176660, ConflictMarker.markTime=389858, ConflictMarker.nodeCount=57, ConflictIdSorter.graphTime=28112, ConflictIdSorter.topsortTime=44293, ConflictIdSorter.conflictIdCount=39, ConflictIdSorter.conflictIdCycleCount=0, ConflictResolver.totalTime=1832893, ConflictResolver.conflictItemCount=56, DfDependencyCollector.collectTime=118634538, DfDependencyCollector.transformTime=2504296}
[DEBUG] org.springframework.boot:spring-boot-maven-plugin:jar:3.2.5
[DEBUG]    org.springframework.boot:spring-boot-buildpack-platform:jar:3.2.5:runtime
[DEBUG]       com.fasterxml.jackson.core:jackson-databind:jar:2.14.2:runtime
[DEBUG]          com.fasterxml.jackson.core:jackson-annotations:jar:2.14.2:runtime
[DEBUG]          com.fasterxml.jackson.core:jackson-core:jar:2.14.2:runtime
[DEBUG]       com.fasterxml.jackson.module:jackson-module-parameter-names:jar:2.14.2:runtime
[DEBUG]       net.java.dev.jna:jna-platform:jar:5.13.0:runtime
[DEBUG]          net.java.dev.jna:jna:jar:5.13.0:runtime
[DEBUG]       org.apache.commons:commons-compress:jar:1.21:runtime
[DEBUG]       org.apache.httpcomponents.client5:httpclient5:jar:5.2.3:runtime
[DEBUG]          org.apache.httpcomponents.core5:httpcore5:jar:5.2.4:runtime
[DEBUG]          org.apache.httpcomponents.core5:httpcore5-h2:jar:5.2.4:runtime
[DEBUG]       org.tomlj:tomlj:jar:1.0.0:runtime
[DEBUG]          org.antlr:antlr4-runtime:jar:4.7.2:runtime
[DEBUG]          com.google.code.findbugs:jsr305:jar:3.0.2:runtime
[DEBUG]    org.springframework.boot:spring-boot-loader-tools:jar:3.2.5:runtime
[DEBUG]    org.apache.maven.shared:maven-common-artifact-filters:jar:3.3.2:runtime
[DEBUG]       org.slf4j:slf4j-api:jar:1.7.36:compile
[DEBUG]    org.springframework:spring-core:jar:6.1.6:runtime
[DEBUG]       org.springframework:spring-jcl:jar:6.1.6:runtime
[DEBUG]    org.springframework:spring-context:jar:6.1.6:runtime
[DEBUG]       org.springframework:spring-aop:jar:6.1.6:runtime
[DEBUG]       org.springframework:spring-beans:jar:6.1.6:runtime
[DEBUG]       org.springframework:spring-expression:jar:6.1.6:runtime
[DEBUG]       io.micrometer:micrometer-observation:jar:1.12.5:runtime
[DEBUG]          io.micrometer:micrometer-commons:jar:1.12.5:runtime
[DEBUG]    org.sonatype.plexus:plexus-build-api:jar:0.0.7:runtime
[DEBUG]       org.codehaus.plexus:plexus-utils:jar:1.5.8:compile
[DEBUG]    org.apache.maven.plugins:maven-shade-plugin:jar:3.5.0:compile (optional)
[DEBUG]       org.ow2.asm:asm:jar:9.5:compile (optional)
[DEBUG]       org.ow2.asm:asm-commons:jar:9.5:compile (optional)
[DEBUG]          org.ow2.asm:asm-tree:jar:9.5:compile (optional)
[DEBUG]       org.jdom:jdom2:jar:2.0.6.1:compile (optional)
[DEBUG]       org.apache.maven.shared:maven-dependency-tree:jar:3.2.1:compile (optional)
[DEBUG]          org.eclipse.aether:aether-util:jar:1.0.0.v20140518:compile (optional)
[DEBUG]             org.eclipse.aether:aether-api:jar:1.0.0.v20140518:compile (optional)
[DEBUG]       commons-io:commons-io:jar:2.13.0:compile (optional)
[DEBUG]       org.vafer:jdependency:jar:2.8.0:compile (optional)
[DEBUG]       org.apache.commons:commons-collections4:jar:4.4:compile (optional)
[DEBUG] Created new class realm plugin>org.springframework.boot:spring-boot-maven-plugin:3.2.5
[DEBUG] Importing foreign packages into class realm plugin>org.springframework.boot:spring-boot-maven-plugin:3.2.5
[DEBUG]   Imported:  < maven.api
[DEBUG] Populating class realm plugin>org.springframework.boot:spring-boot-maven-plugin:3.2.5
[DEBUG]   Included: org.springframework.boot:spring-boot-maven-plugin:jar:3.2.5
[DEBUG]   Included: org.springframework.boot:spring-boot-buildpack-platform:jar:3.2.5
[DEBUG]   Included: com.fasterxml.jackson.core:jackson-databind:jar:2.14.2
[DEBUG]   Included: com.fasterxml.jackson.core:jackson-annotations:jar:2.14.2
[DEBUG]   Included: com.fasterxml.jackson.core:jackson-core:jar:2.14.2
[DEBUG]   Included: com.fasterxml.jackson.module:jackson-module-parameter-names:jar:2.14.2
[DEBUG]   Included: net.java.dev.jna:jna-platform:jar:5.13.0
[DEBUG]   Included: net.java.dev.jna:jna:jar:5.13.0
[DEBUG]   Included: org.apache.commons:commons-compress:jar:1.21
[DEBUG]   Included: org.apache.httpcomponents.client5:httpclient5:jar:5.2.3
[DEBUG]   Included: org.apache.httpcomponents.core5:httpcore5:jar:5.2.4
[DEBUG]   Included: org.apache.httpcomponents.core5:httpcore5-h2:jar:5.2.4
[DEBUG]   Included: org.tomlj:tomlj:jar:1.0.0
[DEBUG]   Included: org.antlr:antlr4-runtime:jar:4.7.2
[DEBUG]   Included: com.google.code.findbugs:jsr305:jar:3.0.2
[DEBUG]   Included: org.springframework.boot:spring-boot-loader-tools:jar:3.2.5
[DEBUG]   Included: org.apache.maven.shared:maven-common-artifact-filters:jar:3.3.2
[DEBUG]   Included: org.springframework:spring-core:jar:6.1.6
[DEBUG]   Included: org.springframework:spring-jcl:jar:6.1.6
[DEBUG]   Included: org.springframework:spring-context:jar:6.1.6
[DEBUG]   Included: org.springframework:spring-aop:jar:6.1.6
[DEBUG]   Included: org.springframework:spring-beans:jar:6.1.6
[DEBUG]   Included: org.springframework:spring-expression:jar:6.1.6
[DEBUG]   Included: io.micrometer:micrometer-observation:jar:1.12.5
[DEBUG]   Included: io.micrometer:micrometer-commons:jar:1.12.5
[DEBUG]   Included: org.sonatype.plexus:plexus-build-api:jar:0.0.7
[DEBUG]   Included: org.codehaus.plexus:plexus-utils:jar:1.5.8
[DEBUG]   Included: org.apache.maven.plugins:maven-shade-plugin:jar:3.5.0
[DEBUG]   Included: org.ow2.asm:asm:jar:9.5
[DEBUG]   Included: org.ow2.asm:asm-commons:jar:9.5
[DEBUG]   Included: org.ow2.asm:asm-tree:jar:9.5
[DEBUG]   Included: org.jdom:jdom2:jar:2.0.6.1
[DEBUG]   Included: org.apache.maven.shared:maven-dependency-tree:jar:3.2.1
[DEBUG]   Included: commons-io:commons-io:jar:2.13.0
[DEBUG]   Included: org.vafer:jdependency:jar:2.8.0
[DEBUG]   Included: org.apache.commons:commons-collections4:jar:4.4
[DEBUG] Loading mojo org.springframework.boot:spring-boot-maven-plugin:3.2.5:run from plugin realm ClassRealm[plugin>org.springframework.boot:spring-boot-maven-plugin:3.2.5, parent: java.net.URLClassLoader@76fb509a]
[DEBUG] Configuring mojo execution 'org.springframework.boot:spring-boot-maven-plugin:3.2.5:run:default-cli' with basic configurator -->
[DEBUG]   (f) addResources = false
[DEBUG]   (f) additionalClasspathElements = []
[DEBUG]   (f) agents = []
[DEBUG]   (f) classesDirectory = /workspaces/cs460-winter2025-b2-sec01-cs-460-deploy-microservices-to-aws-using-docker-compose-cs-460-explorecali/target/classes
[DEBUG]   (f) directories = []
[DEBUG]   (f) groupId = org.projectlombok
[DEBUG]   (f) artifactId = lombok
[DEBUG]   (f) excludes = [org.springframework.boot.maven.Exclude@4d634127]
[DEBUG]   (f) includes = []
[DEBUG]   (f) mainClass = com.example.explorecalijpa.ExplorecaliJpaApplication
[DEBUG]   (f) optimizedLaunch = true
[DEBUG]   (f) profiles = []
[DEBUG]   (f) project = MavenProject: com.example:explorecali-jpa:3.0.0 @ /workspaces/cs460-winter2025-b2-sec01-cs-460-deploy-microservices-to-aws-using-docker-compose-cs-460-explorecali/pom.xml
[DEBUG]   (f) session = org.apache.maven.execution.MavenSession@363c4251
[DEBUG]   (f) skip = false
[DEBUG]   (f) useTestClasspath = false
[DEBUG] -- end configuration --
[INFO] Attaching agents: []
[DEBUG] JVM argument(s): -XX:TieredStopAtLevel=1
[DEBUG] Classpath for forked process: /workspaces/cs460-winter2025-b2-sec01-cs-460-deploy-microservices-to-aws-using-docker-compose-cs-460-explorecali/target/classes:/home/vscode/.m2/repository/org/aspectj/aspectjweaver/1.9.22/aspectjweaver-1.9.22.jar:/home/vscode/.m2/repository/com/zaxxer/HikariCP/5.0.1/HikariCP-5.0.1.jar:/home/vscode/.m2/repository/org/springframework/spring-jdbc/6.1.6/spring-jdbc-6.1.6.jar:/home/vscode/.m2/repository/org/hibernate/orm/hibernate-core/6.4.4.Final/hibernate-core-6.4.4.Final.jar:/home/vscode/.m2/repository/jakarta/persistence/jakarta.persistence-api/3.1.0/jakarta.persistence-api-3.1.0.jar:/home/vscode/.m2/repository/jakarta/transaction/jakarta.transaction-api/2.0.1/jakarta.transaction-api-2.0.1.jar:/home/vscode/.m2/repository/org/jboss/logging/jboss-logging/3.5.3.Final/jboss-logging-3.5.3.Final.jar:/home/vscode/.m2/repository/org/hibernate/common/hibernate-commons-annotations/6.0.6.Final/hibernate-commons-annotations-6.0.6.Final.jar:/home/vscode/.m2/repository/io/smallrye/jandex/3.1.2/jandex-3.1.2.jar:/home/vscode/.m2/repository/com/fasterxml/classmate/1.6.0/classmate-1.6.0.jar:/home/vscode/.m2/repository/net/bytebuddy/byte-buddy/1.14.13/byte-buddy-1.14.13.jar:/home/vscode/.m2/repository/org/glassfish/jaxb/jaxb-runtime/4.0.5/jaxb-runtime-4.0.5.jar:/home/vscode/.m2/repository/org/glassfish/jaxb/jaxb-core/4.0.5/jaxb-core-4.0.5.jar:/home/vscode/.m2/repository/org/eclipse/angus/angus-activation/2.0.2/angus-activation-2.0.2.jar:/home/vscode/.m2/repository/org/glassfish/jaxb/txw2/4.0.5/txw2-4.0.5.jar:/home/vscode/.m2/repository/com/sun/istack/istack-commons-runtime/4.1.2/istack-commons-runtime-4.1.2.jar:/home/vscode/.m2/repository/jakarta/inject/jakarta.inject-api/2.0.1/jakarta.inject-api-2.0.1.jar:/home/vscode/.m2/repository/org/antlr/antlr4-runtime/4.13.0/antlr4-runtime-4.13.0.jar:/home/vscode/.m2/repository/org/springframework/data/spring-data-jpa/3.2.5/spring-data-jpa-3.2.5.jar:/home/vscode/.m2/repository/org/springframework/data/spring-data-commons/3.2.5/spring-data-commons-3.2.5.jar:/home/vscode/.m2/repository/org/springframework/spring-orm/6.1.6/spring-orm-6.1.6.jar:/home/vscode/.m2/repository/org/springframework/spring-context/6.1.6/spring-context-6.1.6.jar:/home/vscode/.m2/repository/org/springframework/spring-tx/6.1.6/spring-tx-6.1.6.jar:/home/vscode/.m2/repository/org/springframework/spring-beans/6.1.6/spring-beans-6.1.6.jar:/home/vscode/.m2/repository/jakarta/annotation/jakarta.annotation-api/2.1.1/jakarta.annotation-api-2.1.1.jar:/home/vscode/.m2/repository/org/springframework/spring-aspects/6.1.6/spring-aspects-6.1.6.jar:/home/vscode/.m2/repository/org/springframework/data/spring-data-rest-webmvc/4.2.5/spring-data-rest-webmvc-4.2.5.jar:/home/vscode/.m2/repository/org/springframework/data/spring-data-rest-core/4.2.5/spring-data-rest-core-4.2.5.jar:/home/vscode/.m2/repository/org/springframework/hateoas/spring-hateoas/2.2.2/spring-hateoas-2.2.2.jar:/home/vscode/.m2/repository/org/springframework/plugin/spring-plugin-core/3.0.0/spring-plugin-core-3.0.0.jar:/home/vscode/.m2/repository/org/atteo/evo-inflector/1.3/evo-inflector-1.3.jar:/home/vscode/.m2/repository/com/fasterxml/jackson/core/jackson-annotations/2.15.4/jackson-annotations-2.15.4.jar:/home/vscode/.m2/repository/org/springframework/boot/spring-boot-autoconfigure/3.2.5/spring-boot-autoconfigure-3.2.5.jar:/home/vscode/.m2/repository/ch/qos/logback/logback-classic/1.4.14/logback-classic-1.4.14.jar:/home/vscode/.m2/repository/ch/qos/logback/logback-core/1.4.14/logback-core-1.4.14.jar:/home/vscode/.m2/repository/org/apache/logging/log4j/log4j-to-slf4j/2.21.1/log4j-to-slf4j-2.21.1.jar:/home/vscode/.m2/repository/org/apache/logging/log4j/log4j-api/2.21.1/log4j-api-2.21.1.jar:/home/vscode/.m2/repository/org/slf4j/jul-to-slf4j/2.0.13/jul-to-slf4j-2.0.13.jar:/home/vscode/.m2/repository/org/yaml/snakeyaml/2.2/snakeyaml-2.2.jar:/home/vscode/.m2/repository/com/fasterxml/jackson/datatype/jackson-datatype-jdk8/2.15.4/jackson-datatype-jdk8-2.15.4.jar:/home/vscode/.m2/repository/com/fasterxml/jackson/datatype/jackson-datatype-jsr310/2.15.4/jackson-datatype-jsr310-2.15.4.jar:/home/vscode/.m2/repository/org/apache/tomcat/embed/tomcat-embed-core/10.1.20/tomcat-embed-core-10.1.20.jar:/home/vscode/.m2/repository/org/apache/tomcat/embed/tomcat-embed-websocket/10.1.20/tomcat-embed-websocket-10.1.20.jar:/home/vscode/.m2/repository/org/springframework/spring-web/6.1.6/spring-web-6.1.6.jar:/home/vscode/.m2/repository/org/springframework/spring-webmvc/6.1.6/spring-webmvc-6.1.6.jar:/home/vscode/.m2/repository/org/springframework/spring-expression/6.1.6/spring-expression-6.1.6.jar:/home/vscode/.m2/repository/org/springframework/spring-aop/6.1.6/spring-aop-6.1.6.jar:/home/vscode/.m2/repository/org/springframework/security/spring-security-config/6.2.4/spring-security-config-6.2.4.jar:/home/vscode/.m2/repository/org/springframework/security/spring-security-web/6.2.4/spring-security-web-6.2.4.jar:/home/vscode/.m2/repository/org/apache/tomcat/embed/tomcat-embed-el/10.1.20/tomcat-embed-el-10.1.20.jar:/home/vscode/.m2/repository/org/hibernate/validator/hibernate-validator/8.0.1.Final/hibernate-validator-8.0.1.Final.jar:/home/vscode/.m2/repository/jakarta/validation/jakarta.validation-api/3.0.2/jakarta.validation-api-3.0.2.jar:/home/vscode/.m2/repository/org/springframework/boot/spring-boot-actuator-autoconfigure/3.2.5/spring-boot-actuator-autoconfigure-3.2.5.jar:/home/vscode/.m2/repository/org/springframework/boot/spring-boot-actuator/3.2.5/spring-boot-actuator-3.2.5.jar:/home/vscode/.m2/repository/io/micrometer/micrometer-observation/1.12.5/micrometer-observation-1.12.5.jar:/home/vscode/.m2/repository/io/micrometer/micrometer-commons/1.12.5/micrometer-commons-1.12.5.jar:/home/vscode/.m2/repository/io/micrometer/micrometer-jakarta9/1.12.5/micrometer-jakarta9-1.12.5.jar:/home/vscode/.m2/repository/io/micrometer/micrometer-core/1.12.5/micrometer-core-1.12.5.jar:/home/vscode/.m2/repository/org/hdrhistogram/HdrHistogram/2.1.12/HdrHistogram-2.1.12.jar:/home/vscode/.m2/repository/org/latencyutils/LatencyUtils/2.0.3/LatencyUtils-2.0.3.jar:/home/vscode/.m2/repository/org/springframework/spring-context-support/6.1.6/spring-context-support-6.1.6.jar:/home/vscode/.m2/repository/com/github/ben-manes/caffeine/caffeine/3.1.8/caffeine-3.1.8.jar:/home/vscode/.m2/repository/org/checkerframework/checker-qual/3.37.0/checker-qual-3.37.0.jar:/home/vscode/.m2/repository/com/google/errorprone/error_prone_annotations/2.21.1/error_prone_annotations-2.21.1.jar:/home/vscode/.m2/repository/com/h2database/h2/2.2.224/h2-2.2.224.jar:/home/vscode/.m2/repository/com/mysql/mysql-connector-j/8.3.0/mysql-connector-j-8.3.0.jar:/home/vscode/.m2/repository/org/flywaydb/flyway-core/9.22.3/flyway-core-9.22.3.jar:/home/vscode/.m2/repository/com/fasterxml/jackson/dataformat/jackson-dataformat-toml/2.15.4/jackson-dataformat-toml-2.15.4.jar:/home/vscode/.m2/repository/com/fasterxml/jackson/core/jackson-core/2.15.4/jackson-core-2.15.4.jar:/home/vscode/.m2/repository/com/google/code/gson/gson/2.10.1/gson-2.10.1.jar:/home/vscode/.m2/repository/org/flywaydb/flyway-mysql/9.22.3/flyway-mysql-9.22.3.jar:/home/vscode/.m2/repository/org/springframework/boot/spring-boot-docker-compose/3.2.5/spring-boot-docker-compose-3.2.5.jar:/home/vscode/.m2/repository/org/springframework/boot/spring-boot/3.2.5/spring-boot-3.2.5.jar:/home/vscode/.m2/repository/com/fasterxml/jackson/core/jackson-databind/2.15.4/jackson-databind-2.15.4.jar:/home/vscode/.m2/repository/com/fasterxml/jackson/module/jackson-module-parameter-names/2.15.4/jackson-module-parameter-names-2.15.4.jar:/home/vscode/.m2/repository/org/springdoc/springdoc-openapi-starter-webmvc-ui/2.5.0/springdoc-openapi-starter-webmvc-ui-2.5.0.jar:/home/vscode/.m2/repository/org/springdoc/springdoc-openapi-starter-webmvc-api/2.5.0/springdoc-openapi-starter-webmvc-api-2.5.0.jar:/home/vscode/.m2/repository/org/springdoc/springdoc-openapi-starter-common/2.5.0/springdoc-openapi-starter-common-2.5.0.jar:/home/vscode/.m2/repository/io/swagger/core/v3/swagger-core-jakarta/2.2.21/swagger-core-jakarta-2.2.21.jar:/home/vscode/.m2/repository/org/apache/commons/commons-lang3/3.13.0/commons-lang3-3.13.0.jar:/home/vscode/.m2/repository/io/swagger/core/v3/swagger-annotations-jakarta/2.2.21/swagger-annotations-jakarta-2.2.21.jar:/home/vscode/.m2/repository/io/swagger/core/v3/swagger-models-jakarta/2.2.21/swagger-models-jakarta-2.2.21.jar:/home/vscode/.m2/repository/com/fasterxml/jackson/dataformat/jackson-dataformat-yaml/2.15.4/jackson-dataformat-yaml-2.15.4.jar:/home/vscode/.m2/repository/org/webjars/swagger-ui/5.13.0/swagger-ui-5.13.0.jar:/home/vscode/.m2/repository/com/jayway/jsonpath/json-path/2.9.0/json-path-2.9.0.jar:/home/vscode/.m2/repository/jakarta/xml/bind/jakarta.xml.bind-api/4.0.2/jakarta.xml.bind-api-4.0.2.jar:/home/vscode/.m2/repository/jakarta/activation/jakarta.activation-api/2.1.3/jakarta.activation-api-2.1.3.jar:/home/vscode/.m2/repository/net/minidev/json-smart/2.5.1/json-smart-2.5.1.jar:/home/vscode/.m2/repository/net/minidev/accessors-smart/2.5.1/accessors-smart-2.5.1.jar:/home/vscode/.m2/repository/org/ow2/asm/asm/9.6/asm-9.6.jar:/home/vscode/.m2/repository/org/springframework/spring-core/6.1.6/spring-core-6.1.6.jar:/home/vscode/.m2/repository/org/springframework/spring-jcl/6.1.6/spring-jcl-6.1.6.jar:/home/vscode/.m2/repository/org/springframework/security/spring-security-core/6.2.4/spring-security-core-6.2.4.jar:/home/vscode/.m2/repository/org/springframework/security/spring-security-crypto/6.2.4/spring-security-crypto-6.2.4.jar:/home/vscode/.m2/repository/org/slf4j/slf4j-api/2.0.13/slf4j-api-2.0.13.jar
[DEBUG] Application argument(s): 
[DEBUG] Environment variable(s): 

  .   ____          _            __ _ _
 /\\ / ___'_ __ _ _(_)_ __  __ _ \ \ \ \
( ( )\___ | '_ | '_| | '_ \/ _` | \ \ \ \
 \\/  ___)| |_)| | | | | || (_| |  ) ) ) )
  '  |____| .__|_| |_|_| |_\__, | / / / /
 =========|_|==============|___/=/_/_/_/
 :: Spring Boot ::                (v3.2.5)

2025-10-15T18:39:30.236Z  INFO 59322 --- [explorecali-jpa] [           main] c.e.e.ExplorecaliJpaApplication          : Starting ExplorecaliJpaApplication using Java 21.0.8 with PID 59322 (/workspaces/cs460-winter2025-b2-sec01-cs-460-deploy-microservices-to-aws-using-docker-compose-cs-460-explorecali/target/classes started by vscode in /workspaces/cs460-winter2025-b2-sec01-cs-460-deploy-microservices-to-aws-using-docker-compose-cs-460-explorecali)
2025-10-15T18:39:30.237Z DEBUG 59322 --- [explorecali-jpa] [           main] c.e.e.ExplorecaliJpaApplication          : Running with Spring Boot v3.2.5, Spring v6.1.6
2025-10-15T18:39:30.238Z  INFO 59322 --- [explorecali-jpa] [           main] c.e.e.ExplorecaliJpaApplication          : No active profile set, falling back to 1 default profile: "default"
2025-10-15T18:39:31.447Z  INFO 59322 --- [explorecali-jpa] [           main] .s.d.r.c.RepositoryConfigurationDelegate : Bootstrapping Spring Data JPA repositories in DEFAULT mode.
2025-10-15T18:39:31.490Z  INFO 59322 --- [explorecali-jpa] [           main] .s.d.r.c.RepositoryConfigurationDelegate : Finished Spring Data repository scanning in 37 ms. Found 3 JPA repository interfaces.
2025-10-15T18:39:32.367Z  INFO 59322 --- [explorecali-jpa] [           main] o.s.b.w.embedded.tomcat.TomcatWebServer  : Tomcat initialized with port 8080 (http)
2025-10-15T18:39:32.378Z  INFO 59322 --- [explorecali-jpa] [           main] o.apache.catalina.core.StandardService   : Starting service [Tomcat]
2025-10-15T18:39:32.378Z  INFO 59322 --- [explorecali-jpa] [           main] o.apache.catalina.core.StandardEngine    : Starting Servlet engine: [Apache Tomcat/10.1.20]
2025-10-15T18:39:32.427Z  INFO 59322 --- [explorecali-jpa] [           main] o.a.c.c.C.[Tomcat].[localhost].[/]       : Initializing Spring embedded WebApplicationContext
2025-10-15T18:39:32.428Z  INFO 59322 --- [explorecali-jpa] [           main] w.s.c.ServletWebServerApplicationContext : Root WebApplicationContext: initialization completed in 2051 ms
2025-10-15T18:39:32.607Z DEBUG 59322 --- [explorecali-jpa] [           main] c.e.e.config.SecurityEnforcementFilter   : Filter 'securityEnforcementFilter' configured for use
2025-10-15T18:39:32.706Z  INFO 59322 --- [explorecali-jpa] [           main] com.zaxxer.hikari.HikariDataSource       : HikariPool-1 - Starting...
2025-10-15T18:39:32.848Z  INFO 59322 --- [explorecali-jpa] [           main] com.zaxxer.hikari.pool.HikariPool        : HikariPool-1 - Added connection conn0: url=jdbc:h2:mem:158f5669-0854-43b3-96e6-240fc4281a68 user=SA
2025-10-15T18:39:32.849Z  INFO 59322 --- [explorecali-jpa] [           main] com.zaxxer.hikari.HikariDataSource       : HikariPool-1 - Start completed.
2025-10-15T18:39:32.907Z  INFO 59322 --- [explorecali-jpa] [           main] o.f.c.internal.license.VersionPrinter    : Flyway Community Edition 9.22.3 by Redgate
2025-10-15T18:39:32.907Z  INFO 59322 --- [explorecali-jpa] [           main] o.f.c.internal.license.VersionPrinter    : See release notes here: https://rd.gt/416ObMi
2025-10-15T18:39:32.908Z  INFO 59322 --- [explorecali-jpa] [           main] o.f.c.internal.license.VersionPrinter    : 
2025-10-15T18:39:32.940Z  INFO 59322 --- [explorecali-jpa] [           main] org.flywaydb.core.FlywayExecutor         : Database: jdbc:h2:mem:158f5669-0854-43b3-96e6-240fc4281a68 (H2 2.2)
2025-10-15T18:39:32.944Z  WARN 59322 --- [explorecali-jpa] [           main] o.f.c.internal.database.base.Database    : Flyway upgrade recommended: H2 2.2.224 is newer than this version of Flyway and support has not been tested. The latest supported version of H2 is 2.2.220.
2025-10-15T18:39:32.979Z  INFO 59322 --- [explorecali-jpa] [           main] o.f.c.i.s.JdbcTableSchemaHistory         : Schema history table "PUBLIC"."flyway_schema_history" does not exist yet
2025-10-15T18:39:32.982Z  INFO 59322 --- [explorecali-jpa] [           main] o.f.core.internal.command.DbValidate     : Successfully validated 4 migrations (execution time 00:00.015s)
2025-10-15T18:39:32.988Z  INFO 59322 --- [explorecali-jpa] [           main] o.f.c.i.s.JdbcTableSchemaHistory         : Creating Schema History table "PUBLIC"."flyway_schema_history" ...
2025-10-15T18:39:33.014Z  INFO 59322 --- [explorecali-jpa] [           main] o.f.core.internal.command.DbMigrate      : Current version of schema "PUBLIC": << Empty Schema >>
2025-10-15T18:39:33.023Z  INFO 59322 --- [explorecali-jpa] [           main] o.f.core.internal.command.DbMigrate      : Migrating schema "PUBLIC" to version "1.1 - CreateTourSchema"
2025-10-15T18:39:33.057Z  INFO 59322 --- [explorecali-jpa] [           main] o.f.core.internal.command.DbMigrate      : Migrating schema "PUBLIC" to version "1.2 - AddTours"
2025-10-15T18:39:33.094Z  INFO 59322 --- [explorecali-jpa] [           main] o.f.core.internal.command.DbMigrate      : Migrating schema "PUBLIC" to version "1.3 - CreateTourRatingSchema"
2025-10-15T18:39:33.102Z  INFO 59322 --- [explorecali-jpa] [           main] o.f.core.internal.command.DbMigrate      : Migrating schema "PUBLIC" to version "1.4 - AddTourRatings"
2025-10-15T18:39:33.113Z  INFO 59322 --- [explorecali-jpa] [           main] o.f.core.internal.command.DbMigrate      : Successfully applied 4 migrations to schema "PUBLIC", now at version v1.4 (execution time 00:00.038s)
2025-10-15T18:39:33.228Z  INFO 59322 --- [explorecali-jpa] [           main] o.hibernate.jpa.internal.util.LogHelper  : HHH000204: Processing PersistenceUnitInfo [name: default]
2025-10-15T18:39:33.267Z  INFO 59322 --- [explorecali-jpa] [           main] org.hibernate.Version                    : HHH000412: Hibernate ORM core version 6.4.4.Final
2025-10-15T18:39:33.294Z  INFO 59322 --- [explorecali-jpa] [           main] o.h.c.internal.RegionFactoryInitiator    : HHH000026: Second-level cache disabled
2025-10-15T18:39:33.444Z  INFO 59322 --- [explorecali-jpa] [           main] o.s.o.j.p.SpringPersistenceUnitInfo      : No LoadTimeWeaver setup: ignoring JPA class transformer
2025-10-15T18:39:34.170Z  INFO 59322 --- [explorecali-jpa] [           main] o.h.e.t.j.p.i.JtaPlatformInitiator       : HHH000489: No JTA platform available (set 'hibernate.transaction.jta.platform' to enable JTA platform integration)
2025-10-15T18:39:34.173Z  INFO 59322 --- [explorecali-jpa] [           main] j.LocalContainerEntityManagerFactoryBean : Initialized JPA EntityManagerFactory for persistence unit 'default'
2025-10-15T18:39:34.605Z  INFO 59322 --- [explorecali-jpa] [           main] o.s.d.j.r.query.QueryEnhancerFactory     : Hibernate is in classpath; If applicable, HQL parser will be used.
2025-10-15T18:39:35.394Z  WARN 59322 --- [explorecali-jpa] [           main] JpaBaseConfiguration$JpaWebConfiguration : spring.jpa.open-in-view is enabled by default. Therefore, database queries may be performed during view rendering. Explicitly configure spring.jpa.open-in-view to disable this warning
2025-10-15T18:39:36.222Z  INFO 59322 --- [explorecali-jpa] [           main] o.s.b.a.e.web.EndpointLinksResolver      : Exposing 1 endpoint(s) beneath base path '/actuator'
2025-10-15T18:39:36.336Z  INFO 59322 --- [explorecali-jpa] [           main] o.s.s.web.DefaultSecurityFilterChain     : Will secure any request with [org.springframework.security.web.session.DisableEncodeUrlFilter@b7461ac, org.springframework.security.web.context.request.async.WebAsyncManagerIntegrationFilter@49f9575d, org.springframework.security.web.context.SecurityContextHolderFilter@5a5fb5ea, org.springframework.security.web.header.HeaderWriterFilter@24c28909, org.springframework.web.filter.CorsFilter@64d347b0, org.springframework.security.web.authentication.logout.LogoutFilter@ac94285, org.springframework.security.web.authentication.www.BasicAuthenticationFilter@7000ceae, org.springframework.security.web.savedrequest.RequestCacheAwareFilter@33650678, org.springframework.security.web.servletapi.SecurityContextHolderAwareRequestFilter@480a5088, org.springframework.security.web.authentication.AnonymousAuthenticationFilter@24ccb18d, org.springframework.security.web.access.ExceptionTranslationFilter@b303504, org.springframework.security.web.access.intercept.AuthorizationFilter@c5ed57e]
2025-10-15T18:39:37.148Z  INFO 59322 --- [explorecali-jpa] [           main] o.s.b.w.embedded.tomcat.TomcatWebServer  : Tomcat started on port 8080 (http) with context path ''
2025-10-15T18:39:37.163Z  INFO 59322 --- [explorecali-jpa] [           main] c.e.e.ExplorecaliJpaApplication          : Started ExplorecaliJpaApplication in 7.366 seconds (process running for 7.892)
2025-10-15T18:39:37.243Z  INFO 59322 --- [explorecali-jpa] [           main] c.e.e.business.TourPackageService        : Get total tour package
Persisted Packages = 9
2025-10-15T18:39:37.301Z  INFO 59322 --- [explorecali-jpa] [           main] c.e.explorecalijpa.business.TourService  : Get total tours
Persisted Tours = 30
